win,lose,probability
Cleveland Cavaliers,New York Knicks,"tensor([0.8968], grad_fn=<RsubBackward1>)"
Golden State Warriors,San Antonio Spurs,"tensor([0.9552], grad_fn=<RsubBackward1>)"
Portland Trail Blazers,Utah Jazz,"tensor([0.9780], grad_fn=<RsubBackward1>)"
Boston Celtics,Brooklyn Nets,"tensor([0.9872], grad_fn=<RsubBackward1>)"
Indiana Pacers,Dallas Mavericks,"tensor([0.9914], grad_fn=<RsubBackward1>)"
Los Angeles Lakers,Houston Rockets,"tensor([0.9936], grad_fn=<RsubBackward1>)"
Memphis Grizzlies,Minnesota Timberwolves,"tensor([0.9948], grad_fn=<RsubBackward1>)"
Milwaukee Bucks,Charlotte Hornets,"tensor([0.9954], grad_fn=<RsubBackward1>)"
New Orleans Pelicans,Denver Nuggets,"tensor([0.9958], grad_fn=<RsubBackward1>)"
Orlando Magic,Miami Heat,"tensor([0.9960], grad_fn=<RsubBackward1>)"
Philadelphia 76ers,Oklahoma City Thunder,"tensor([0.9962], grad_fn=<RsubBackward1>)"
Phoenix Suns,Sacramento Kings,"tensor([0.9963], grad_fn=<RsubBackward1>)"
Toronto Raptors,Detroit Pistons,"tensor([0.9964], grad_fn=<RsubBackward1>)"
Atlanta Hawks,Washington Wizards,"tensor([0.9965], grad_fn=<RsubBackward1>)"
Chicago Bulls,Boston Celtics,"tensor([0.9966], grad_fn=<RsubBackward1>)"
Portland Trail Blazers,Los Angeles Clippers,"tensor([0.9967], grad_fn=<RsubBackward1>)"
Sacramento Kings,San Antonio Spurs,"tensor([0.9967], grad_fn=<RsubBackward1>)"
Brooklyn Nets,Indiana Pacers,"tensor([0.9968], grad_fn=<RsubBackward1>)"
Dallas Mavericks,Houston Rockets,"tensor([0.9968], grad_fn=<RsubBackward1>)"
Detroit Pistons,Orlando Magic,"tensor([0.9969], grad_fn=<RsubBackward1>)"
Miami Heat,Charlotte Hornets,"tensor([0.9969], grad_fn=<RsubBackward1>)"
New Orleans Pelicans,Golden State Warriors,"tensor([0.9969], grad_fn=<RsubBackward1>)"
Oklahoma City Thunder,Phoenix Suns,"tensor([0.9969], grad_fn=<RsubBackward1>)"
Toronto Raptors,Cleveland Cavaliers,"tensor([0.9969], grad_fn=<RsubBackward1>)"
Utah Jazz,Los Angeles Lakers,"tensor([0.9969], grad_fn=<RsubBackward1>)"
Chicago Bulls,Indiana Pacers,"tensor([0.9969], grad_fn=<RsubBackward1>)"
Charlotte Hornets,Boston Celtics,"tensor([0.9970], grad_fn=<RsubBackward1>)"
Cleveland Cavaliers,Orlando Magic,"tensor([0.9970], grad_fn=<RsubBackward1>)"
Denver Nuggets,Portland Trail Blazers,"tensor([0.9969], grad_fn=<RsubBackward1>)"
Milwaukee Bucks,Brooklyn Nets,"tensor([0.9970], grad_fn=<RsubBackward1>)"
New York Knicks,Memphis Grizzlies,"tensor([0.9970], grad_fn=<RsubBackward1>)"
Philadelphia 76ers,Atlanta Hawks,"tensor([0.9970], grad_fn=<RsubBackward1>)"
Sacramento Kings,Minnesota Timberwolves,"tensor([0.9970], grad_fn=<RsubBackward1>)"
San Antonio Spurs,New Orleans Pelicans,"tensor([0.9971], grad_fn=<RsubBackward1>)"
Detroit Pistons,Milwaukee Bucks,"tensor([0.9971], grad_fn=<RsubBackward1>)"
Houston Rockets,Dallas Mavericks,"tensor([0.9971], grad_fn=<RsubBackward1>)"
Los Angeles Clippers,Utah Jazz,"tensor([0.9971], grad_fn=<RsubBackward1>)"
Memphis Grizzlies,Washington Wizards,"tensor([0.9971], grad_fn=<RsubBackward1>)"
Miami Heat,San Antonio Spurs,"tensor([0.9971], grad_fn=<RsubBackward1>)"
Oklahoma City Thunder,Los Angeles Lakers,"tensor([0.9971], grad_fn=<RsubBackward1>)"
Phoenix Suns,Golden State Warriors,"tensor([0.9970], grad_fn=<RsubBackward1>)"
Atlanta Hawks,Sacramento Kings,"tensor([0.9970], grad_fn=<RsubBackward1>)"
Brooklyn Nets,Chicago Bulls,"tensor([0.9969], grad_fn=<RsubBackward1>)"
Los Angeles Clippers,Phoenix Suns,"tensor([0.9969], grad_fn=<RsubBackward1>)"
Toronto Raptors,Denver Nuggets,"tensor([0.9969], grad_fn=<RsubBackward1>)"
Cleveland Cavaliers,Houston Rockets,"tensor([0.9970], grad_fn=<RsubBackward1>)"
Detroit Pistons,New York Knicks,"tensor([0.9970], grad_fn=<RsubBackward1>)"
Indiana Pacers,Los Angeles Lakers,"tensor([0.9970], grad_fn=<RsubBackward1>)"
Miami Heat,Sacramento Kings,"tensor([0.9970], grad_fn=<RsubBackward1>)"
Minnesota Timberwolves,Memphis Grizzlies,"tensor([0.9970], grad_fn=<RsubBackward1>)"
New Orleans Pelicans,Milwaukee Bucks,"tensor([0.9970], grad_fn=<RsubBackward1>)"
Philadelphia 76ers,Orlando Magic,"tensor([0.9970], grad_fn=<RsubBackward1>)"
Portland Trail Blazers,Golden State Warriors,"tensor([0.9970], grad_fn=<RsubBackward1>)"
San Antonio Spurs,Utah Jazz,"tensor([0.9971], grad_fn=<RsubBackward1>)"
Atlanta Hawks,Los Angeles Lakers,"tensor([0.9970], grad_fn=<RsubBackward1>)"
Boston Celtics,Chicago Bulls,"tensor([0.9970], grad_fn=<RsubBackward1>)"
Brooklyn Nets,Detroit Pistons,"tensor([0.9970], grad_fn=<RsubBackward1>)"
Charlotte Hornets,Philadelphia 76ers,"tensor([0.9971], grad_fn=<RsubBackward1>)"
Los Angeles Clippers,Oklahoma City Thunder,"tensor([0.9971], grad_fn=<RsubBackward1>)"
Memphis Grizzlies,New Orleans Pelicans,"tensor([0.9971], grad_fn=<RsubBackward1>)"
New York Knicks,Houston Rockets,"tensor([0.9972], grad_fn=<RsubBackward1>)"
Phoenix Suns,Portland Trail Blazers,"tensor([0.9971], grad_fn=<RsubBackward1>)"
Utah Jazz,Dallas Mavericks,"tensor([0.9971], grad_fn=<RsubBackward1>)"
Washington Wizards,Toronto Raptors,"tensor([0.9971], grad_fn=<RsubBackward1>)"
Cleveland Cavaliers,Boston Celtics,"tensor([0.9971], grad_fn=<RsubBackward1>)"
Golden State Warriors,Oklahoma City Thunder,"tensor([0.9972], grad_fn=<RsubBackward1>)"
Milwaukee Bucks,Indiana Pacers,"tensor([0.9971], grad_fn=<RsubBackward1>)"
Minnesota Timberwolves,Denver Nuggets,"tensor([0.9971], grad_fn=<RsubBackward1>)"
Orlando Magic,Sacramento Kings,"tensor([0.9972], grad_fn=<RsubBackward1>)"
Brooklyn Nets,Charlotte Hornets,"tensor([0.9971], grad_fn=<RsubBackward1>)"
Chicago Bulls,New York Knicks,"tensor([0.9971], grad_fn=<RsubBackward1>)"
Dallas Mavericks,Portland Trail Blazers,"tensor([0.9971], grad_fn=<RsubBackward1>)"
Los Angeles Lakers,Golden State Warriors,"tensor([0.9971], grad_fn=<RsubBackward1>)"
Memphis Grizzlies,Los Angeles Clippers,"tensor([0.9971], grad_fn=<RsubBackward1>)"
New Orleans Pelicans,Phoenix Suns,"tensor([0.9971], grad_fn=<RsubBackward1>)"
Toronto Raptors,Miami Heat,"tensor([0.9971], grad_fn=<RsubBackward1>)"
Utah Jazz,San Antonio Spurs,"tensor([0.9971], grad_fn=<RsubBackward1>)"
Washington Wizards,Atlanta Hawks,"tensor([0.9972], grad_fn=<RsubBackward1>)"
Atlanta Hawks,Houston Rockets,"tensor([0.9972], grad_fn=<RsubBackward1>)"
Detroit Pistons,Denver Nuggets,"tensor([0.9972], grad_fn=<RsubBackward1>)"
Indiana Pacers,Chicago Bulls,"tensor([0.9971], grad_fn=<RsubBackward1>)"
Milwaukee Bucks,Sacramento Kings,"tensor([0.9970], grad_fn=<RsubBackward1>)"
Oklahoma City Thunder,Minnesota Timberwolves,"tensor([0.9970], grad_fn=<RsubBackward1>)"
Orlando Magic,Washington Wizards,"tensor([0.9970], grad_fn=<RsubBackward1>)"
Philadelphia 76ers,Cleveland Cavaliers,"tensor([0.9970], grad_fn=<RsubBackward1>)"
San Antonio Spurs,Los Angeles Clippers,"tensor([0.9970], grad_fn=<RsubBackward1>)"
Boston Celtics,Denver Nuggets,"tensor([0.9970], grad_fn=<RsubBackward1>)"
Dallas Mavericks,Milwaukee Bucks,"tensor([0.9970], grad_fn=<RsubBackward1>)"
Los Angeles Lakers,Phoenix Suns,"tensor([0.9970], grad_fn=<RsubBackward1>)"
Memphis Grizzlies,Portland Trail Blazers,"tensor([0.9970], grad_fn=<RsubBackward1>)"
New York Knicks,Utah Jazz,"tensor([0.9971], grad_fn=<RsubBackward1>)"
Toronto Raptors,Sacramento Kings,"tensor([0.9971], grad_fn=<RsubBackward1>)"
Chicago Bulls,Orlando Magic,"tensor([0.9971], grad_fn=<RsubBackward1>)"
Charlotte Hornets,Indiana Pacers,"tensor([0.9971], grad_fn=<RsubBackward1>)"
Golden State Warriors,New Orleans Pelicans,"tensor([0.9972], grad_fn=<RsubBackward1>)"
Los Angeles Clippers,Detroit Pistons,"tensor([0.9972], grad_fn=<RsubBackward1>)"
Oklahoma City Thunder,Miami Heat,"tensor([0.9972], grad_fn=<RsubBackward1>)"
Philadelphia 76ers,Utah Jazz,"tensor([0.9971], grad_fn=<RsubBackward1>)"
Washington Wizards,Houston Rockets,"tensor([0.9971], grad_fn=<RsubBackward1>)"
Brooklyn Nets,Minnesota Timberwolves,"tensor([0.9971], grad_fn=<RsubBackward1>)"
Cleveland Cavaliers,Atlanta Hawks,"tensor([0.9971], grad_fn=<RsubBackward1>)"
Los Angeles Lakers,Dallas Mavericks,"tensor([0.9971], grad_fn=<RsubBackward1>)"
Memphis Grizzlies,Denver Nuggets,"tensor([0.9971], grad_fn=<RsubBackward1>)"
Portland Trail Blazers,Phoenix Suns,"tensor([0.9972], grad_fn=<RsubBackward1>)"
Sacramento Kings,New Orleans Pelicans,"tensor([0.9972], grad_fn=<RsubBackward1>)"
Atlanta Hawks,Chicago Bulls,"tensor([0.9971], grad_fn=<RsubBackward1>)"
Charlotte Hornets,Utah Jazz,"tensor([0.9971], grad_fn=<RsubBackward1>)"
Golden State Warriors,Dallas Mavericks,"tensor([0.9971], grad_fn=<RsubBackward1>)"
Indiana Pacers,Philadelphia 76ers,"tensor([0.9971], grad_fn=<RsubBackward1>)"
Los Angeles Clippers,Portland Trail Blazers,"tensor([0.9971], grad_fn=<RsubBackward1>)"
New York Knicks,Brooklyn Nets,"tensor([0.9971], grad_fn=<RsubBackward1>)"
Oklahoma City Thunder,Toronto Raptors,"tensor([0.9971], grad_fn=<RsubBackward1>)"
Orlando Magic,Minnesota Timberwolves,"tensor([0.9971], grad_fn=<RsubBackward1>)"
Phoenix Suns,Detroit Pistons,"tensor([0.9971], grad_fn=<RsubBackward1>)"
San Antonio Spurs,Houston Rockets,"tensor([0.9971], grad_fn=<RsubBackward1>)"
Washington Wizards,Boston Celtics,"tensor([0.9971], grad_fn=<RsubBackward1>)"
Denver Nuggets,Golden State Warriors,"tensor([0.9971], grad_fn=<RsubBackward1>)"
Miami Heat,Chicago Bulls,"tensor([0.9970], grad_fn=<RsubBackward1>)"
Milwaukee Bucks,New Orleans Pelicans,"tensor([0.9970], grad_fn=<RsubBackward1>)"
Sacramento Kings,Los Angeles Lakers,"tensor([0.9970], grad_fn=<RsubBackward1>)"
Boston Celtics,New York Knicks,"tensor([0.9971], grad_fn=<RsubBackward1>)"
Charlotte Hornets,Toronto Raptors,"tensor([0.9971], grad_fn=<RsubBackward1>)"
Oklahoma City Thunder,Los Angeles Clippers,"tensor([0.9971], grad_fn=<RsubBackward1>)"
Orlando Magic,Utah Jazz,"tensor([0.9971], grad_fn=<RsubBackward1>)"
Philadelphia 76ers,Indiana Pacers,"tensor([0.9971], grad_fn=<RsubBackward1>)"
Portland Trail Blazers,Sacramento Kings,"tensor([0.9971], grad_fn=<RsubBackward1>)"
San Antonio Spurs,Detroit Pistons,"tensor([0.9971], grad_fn=<RsubBackward1>)"
Washington Wizards,Cleveland Cavaliers,"tensor([0.9971], grad_fn=<RsubBackward1>)"
Atlanta Hawks,Philadelphia 76ers,"tensor([0.9971], grad_fn=<RsubBackward1>)"
Chicago Bulls,Washington Wizards,"tensor([0.9971], grad_fn=<RsubBackward1>)"
Denver Nuggets,Detroit Pistons,"tensor([0.9970], grad_fn=<RsubBackward1>)"
Houston Rockets,San Antonio Spurs,"tensor([0.9970], grad_fn=<RsubBackward1>)"
Indiana Pacers,Boston Celtics,"tensor([0.9971], grad_fn=<RsubBackward1>)"
Miami Heat,Utah Jazz,"tensor([0.9971], grad_fn=<RsubBackward1>)"
Milwaukee Bucks,Memphis Grizzlies,"tensor([0.9971], grad_fn=<RsubBackward1>)"
Minnesota Timberwolves,Los Angeles Clippers,"tensor([0.9970], grad_fn=<RsubBackward1>)"
New Orleans Pelicans,Los Angeles Lakers,"tensor([0.9970], grad_fn=<RsubBackward1>)"
Phoenix Suns,Brooklyn Nets,"tensor([0.9970], grad_fn=<RsubBackward1>)"
Toronto Raptors,New York Knicks,"tensor([0.9971], grad_fn=<RsubBackward1>)"
Cleveland Cavaliers,Charlotte Hornets,"tensor([0.9971], grad_fn=<RsubBackward1>)"
Golden State Warriors,Phoenix Suns,"tensor([0.9972], grad_fn=<RsubBackward1>)"
Minnesota Timberwolves,Los Angeles Lakers,"tensor([0.9971], grad_fn=<RsubBackward1>)"
Oklahoma City Thunder,Orlando Magic,"tensor([0.9971], grad_fn=<RsubBackward1>)"
Portland Trail Blazers,Denver Nuggets,"tensor([0.9971], grad_fn=<RsubBackward1>)"
Detroit Pistons,Oklahoma City Thunder,"tensor([0.9971], grad_fn=<RsubBackward1>)"
Houston Rockets,Philadelphia 76ers,"tensor([0.9971], grad_fn=<RsubBackward1>)"
Indiana Pacers,Orlando Magic,"tensor([0.9971], grad_fn=<RsubBackward1>)"
Los Angeles Clippers,Brooklyn Nets,"tensor([0.9971], grad_fn=<RsubBackward1>)"
New Orleans Pelicans,Boston Celtics,"tensor([0.9971], grad_fn=<RsubBackward1>)"
New York Knicks,Dallas Mavericks,"tensor([0.9971], grad_fn=<RsubBackward1>)"
San Antonio Spurs,Miami Heat,"tensor([0.9971], grad_fn=<RsubBackward1>)"
Utah Jazz,Memphis Grizzlies,"tensor([0.9971], grad_fn=<RsubBackward1>)"
Cleveland Cavaliers,Toronto Raptors,"tensor([0.9972], grad_fn=<RsubBackward1>)"
Los Angeles Lakers,Brooklyn Nets,"tensor([0.9971], grad_fn=<RsubBackward1>)"
Miami Heat,Atlanta Hawks,"tensor([0.9971], grad_fn=<RsubBackward1>)"
Minnesota Timberwolves,Charlotte Hornets,"tensor([0.9971], grad_fn=<RsubBackward1>)"
Portland Trail Blazers,Chicago Bulls,"tensor([0.9971], grad_fn=<RsubBackward1>)"
Atlanta Hawks,Milwaukee Bucks,"tensor([0.9971], grad_fn=<RsubBackward1>)"
Boston Celtics,Dallas Mavericks,"tensor([0.9971], grad_fn=<RsubBackward1>)"
Denver Nuggets,Phoenix Suns,"tensor([0.9970], grad_fn=<RsubBackward1>)"
Indiana Pacers,Cleveland Cavaliers,"tensor([0.9970], grad_fn=<RsubBackward1>)"
Los Angeles Clippers,Memphis Grizzlies,"tensor([0.9970], grad_fn=<RsubBackward1>)"
New York Knicks,Detroit Pistons,"tensor([0.9971], grad_fn=<RsubBackward1>)"
Oklahoma City Thunder,Houston Rockets,"tensor([0.9971], grad_fn=<RsubBackward1>)"
Orlando Magic,New Orleans Pelicans,"tensor([0.9971], grad_fn=<RsubBackward1>)"
Philadelphia 76ers,Washington Wizards,"tensor([0.9971], grad_fn=<RsubBackward1>)"
Sacramento Kings,San Antonio Spurs,"tensor([0.9971], grad_fn=<RsubBackward1>)"
Toronto Raptors,Golden State Warriors,"tensor([0.9971], grad_fn=<RsubBackward1>)"
Houston Rockets,Portland Trail Blazers,"tensor([0.9971], grad_fn=<RsubBackward1>)"
Miami Heat,Milwaukee Bucks,"tensor([0.9971], grad_fn=<RsubBackward1>)"
Minnesota Timberwolves,Philadelphia 76ers,"tensor([0.9971], grad_fn=<RsubBackward1>)"
Utah Jazz,Chicago Bulls,"tensor([0.9971], grad_fn=<RsubBackward1>)"
Washington Wizards,New York Knicks,"tensor([0.9971], grad_fn=<RsubBackward1>)"
Boston Celtics,Golden State Warriors,"tensor([0.9971], grad_fn=<RsubBackward1>)"
Charlotte Hornets,Atlanta Hawks,"tensor([0.9971], grad_fn=<RsubBackward1>)"
Cleveland Cavaliers,Detroit Pistons,"tensor([0.9971], grad_fn=<RsubBackward1>)"
Dallas Mavericks,Memphis Grizzlies,"tensor([0.9971], grad_fn=<RsubBackward1>)"
Denver Nuggets,Toronto Raptors,"tensor([0.9970], grad_fn=<RsubBackward1>)"
Indiana Pacers,Phoenix Suns,"tensor([0.9970], grad_fn=<RsubBackward1>)"
Los Angeles Lakers,San Antonio Spurs,"tensor([0.9971], grad_fn=<RsubBackward1>)"
New Orleans Pelicans,Portland Trail Blazers,"tensor([0.9971], grad_fn=<RsubBackward1>)"
Oklahoma City Thunder,Brooklyn Nets,"tensor([0.9971], grad_fn=<RsubBackward1>)"
Sacramento Kings,Los Angeles Clippers,"tensor([0.9971], grad_fn=<RsubBackward1>)"
Detroit Pistons,Boston Celtics,"tensor([0.9971], grad_fn=<RsubBackward1>)"
Houston Rockets,Utah Jazz,"tensor([0.9971], grad_fn=<RsubBackward1>)"
Los Angeles Clippers,Chicago Bulls,"tensor([0.9971], grad_fn=<RsubBackward1>)"
Memphis Grizzlies,Minnesota Timberwolves,"tensor([0.9971], grad_fn=<RsubBackward1>)"
Milwaukee Bucks,Golden State Warriors,"tensor([0.9970], grad_fn=<RsubBackward1>)"
New Orleans Pelicans,Charlotte Hornets,"tensor([0.9970], grad_fn=<RsubBackward1>)"
Orlando Magic,Dallas Mavericks,"tensor([0.9970], grad_fn=<RsubBackward1>)"
Philadelphia 76ers,Phoenix Suns,"tensor([0.9970], grad_fn=<RsubBackward1>)"
Washington Wizards,Miami Heat,"tensor([0.9970], grad_fn=<RsubBackward1>)"
Brooklyn Nets,Portland Trail Blazers,"tensor([0.9969], grad_fn=<RsubBackward1>)"
Denver Nuggets,Utah Jazz,"tensor([0.9969], grad_fn=<RsubBackward1>)"
Los Angeles Lakers,Chicago Bulls,"tensor([0.9969], grad_fn=<RsubBackward1>)"
New York Knicks,Atlanta Hawks,"tensor([0.9969], grad_fn=<RsubBackward1>)"
Oklahoma City Thunder,Indiana Pacers,"tensor([0.9970], grad_fn=<RsubBackward1>)"
Sacramento Kings,Toronto Raptors,"tensor([0.9970], grad_fn=<RsubBackward1>)"
Charlotte Hornets,Memphis Grizzlies,"tensor([0.9971], grad_fn=<RsubBackward1>)"
Detroit Pistons,Houston Rockets,"tensor([0.9971], grad_fn=<RsubBackward1>)"
Indiana Pacers,Golden State Warriors,"tensor([0.9971], grad_fn=<RsubBackward1>)"
Los Angeles Clippers,Toronto Raptors,"tensor([0.9971], grad_fn=<RsubBackward1>)"
Milwaukee Bucks,Orlando Magic,"tensor([0.9970], grad_fn=<RsubBackward1>)"
Minnesota Timberwolves,Boston Celtics,"tensor([0.9969], grad_fn=<RsubBackward1>)"
Philadelphia 76ers,Miami Heat,"tensor([0.9968], grad_fn=<RsubBackward1>)"
San Antonio Spurs,Dallas Mavericks,"tensor([0.9969], grad_fn=<RsubBackward1>)"
Washington Wizards,Phoenix Suns,"tensor([0.9969], grad_fn=<RsubBackward1>)"
Atlanta Hawks,New Orleans Pelicans,"tensor([0.9970], grad_fn=<RsubBackward1>)"
Denver Nuggets,Chicago Bulls,"tensor([0.9969], grad_fn=<RsubBackward1>)"
Los Angeles Lakers,Oklahoma City Thunder,"tensor([0.9969], grad_fn=<RsubBackward1>)"
New York Knicks,Portland Trail Blazers,"tensor([0.9970], grad_fn=<RsubBackward1>)"
Brooklyn Nets,Boston Celtics,"tensor([0.9970], grad_fn=<RsubBackward1>)"
Charlotte Hornets,San Antonio Spurs,"tensor([0.9970], grad_fn=<RsubBackward1>)"
Cleveland Cavaliers,Portland Trail Blazers,"tensor([0.9971], grad_fn=<RsubBackward1>)"
Dallas Mavericks,Los Angeles Clippers,"tensor([0.9971], grad_fn=<RsubBackward1>)"
Detroit Pistons,Miami Heat,"tensor([0.9971], grad_fn=<RsubBackward1>)"
Golden State Warriors,Los Angeles Lakers,"tensor([0.9971], grad_fn=<RsubBackward1>)"
Houston Rockets,Toronto Raptors,"tensor([0.9971], grad_fn=<RsubBackward1>)"
Indiana Pacers,Atlanta Hawks,"tensor([0.9971], grad_fn=<RsubBackward1>)"
New Orleans Pelicans,Minnesota Timberwolves,"tensor([0.9971], grad_fn=<RsubBackward1>)"
Orlando Magic,Phoenix Suns,"tensor([0.9972], grad_fn=<RsubBackward1>)"
Philadelphia 76ers,Memphis Grizzlies,"tensor([0.9971], grad_fn=<RsubBackward1>)"
Sacramento Kings,Oklahoma City Thunder,"tensor([0.9971], grad_fn=<RsubBackward1>)"
Utah Jazz,Denver Nuggets,"tensor([0.9971], grad_fn=<RsubBackward1>)"
Boston Celtics,San Antonio Spurs,"tensor([0.9971], grad_fn=<RsubBackward1>)"
Cleveland Cavaliers,Dallas Mavericks,"tensor([0.9971], grad_fn=<RsubBackward1>)"
Denver Nuggets,Oklahoma City Thunder,"tensor([0.9970], grad_fn=<RsubBackward1>)"
Detroit Pistons,Los Angeles Clippers,"tensor([0.9970], grad_fn=<RsubBackward1>)"
Indiana Pacers,Brooklyn Nets,"tensor([0.9970], grad_fn=<RsubBackward1>)"
Los Angeles Lakers,Golden State Warriors,"tensor([0.9970], grad_fn=<RsubBackward1>)"
Memphis Grizzlies,Miami Heat,"tensor([0.9970], grad_fn=<RsubBackward1>)"
Milwaukee Bucks,Toronto Raptors,"tensor([0.9969], grad_fn=<RsubBackward1>)"
New York Knicks,Charlotte Hornets,"tensor([0.9970], grad_fn=<RsubBackward1>)"
Orlando Magic,Washington Wizards,"tensor([0.9970], grad_fn=<RsubBackward1>)"
Philadelphia 76ers,Chicago Bulls,"tensor([0.9969], grad_fn=<RsubBackward1>)"
Phoenix Suns,Minnesota Timberwolves,"tensor([0.9970], grad_fn=<RsubBackward1>)"
Portland Trail Blazers,New Orleans Pelicans,"tensor([0.9970], grad_fn=<RsubBackward1>)"
Sacramento Kings,Houston Rockets,"tensor([0.9971], grad_fn=<RsubBackward1>)"
Utah Jazz,Atlanta Hawks,"tensor([0.9971], grad_fn=<RsubBackward1>)"
Charlotte Hornets,New York Knicks,"tensor([0.9971], grad_fn=<RsubBackward1>)"
Golden State Warriors,Minnesota Timberwolves,"tensor([0.9971], grad_fn=<RsubBackward1>)"
Miami Heat,Memphis Grizzlies,"tensor([0.9971], grad_fn=<RsubBackward1>)"
Oklahoma City Thunder,Detroit Pistons,"tensor([0.9971], grad_fn=<RsubBackward1>)"
Washington Wizards,San Antonio Spurs,"tensor([0.9971], grad_fn=<RsubBackward1>)"
Brooklyn Nets,Sacramento Kings,"tensor([0.9971], grad_fn=<RsubBackward1>)"
Dallas Mavericks,New Orleans Pelicans,"tensor([0.9971], grad_fn=<RsubBackward1>)"
Indiana Pacers,Los Angeles Clippers,"tensor([0.9971], grad_fn=<RsubBackward1>)"
Los Angeles Lakers,Atlanta Hawks,"tensor([0.9972], grad_fn=<RsubBackward1>)"
Orlando Magic,Milwaukee Bucks,"tensor([0.9972], grad_fn=<RsubBackward1>)"
Philadelphia 76ers,Cleveland Cavaliers,"tensor([0.9971], grad_fn=<RsubBackward1>)"
Phoenix Suns,Denver Nuggets,"tensor([0.9971], grad_fn=<RsubBackward1>)"
Portland Trail Blazers,Houston Rockets,"tensor([0.9971], grad_fn=<RsubBackward1>)"
Golden State Warriors,Atlanta Hawks,"tensor([0.9971], grad_fn=<RsubBackward1>)"
Memphis Grizzlies,Charlotte Hornets,"tensor([0.9972], grad_fn=<RsubBackward1>)"
Miami Heat,Boston Celtics,"tensor([0.9972], grad_fn=<RsubBackward1>)"
Minnesota Timberwolves,Utah Jazz,"tensor([0.9971], grad_fn=<RsubBackward1>)"
New York Knicks,Oklahoma City Thunder,"tensor([0.9971], grad_fn=<RsubBackward1>)"
Toronto Raptors,Philadelphia 76ers,"tensor([0.9971], grad_fn=<RsubBackward1>)"
Washington Wizards,Sacramento Kings,"tensor([0.9971], grad_fn=<RsubBackward1>)"
Brooklyn Nets,Los Angeles Clippers,"tensor([0.9970], grad_fn=<RsubBackward1>)"
Charlotte Hornets,Detroit Pistons,"tensor([0.9970], grad_fn=<RsubBackward1>)"
Milwaukee Bucks,Cleveland Cavaliers,"tensor([0.9970], grad_fn=<RsubBackward1>)"
New Orleans Pelicans,Los Angeles Lakers,"tensor([0.9970], grad_fn=<RsubBackward1>)"
San Antonio Spurs,Orlando Magic,"tensor([0.9970], grad_fn=<RsubBackward1>)"
Utah Jazz,Houston Rockets,"tensor([0.9971], grad_fn=<RsubBackward1>)"
Boston Celtics,Detroit Pistons,"tensor([0.9971], grad_fn=<RsubBackward1>)"
Chicago Bulls,Los Angeles Lakers,"tensor([0.9972], grad_fn=<RsubBackward1>)"
Dallas Mavericks,San Antonio Spurs,"tensor([0.9972], grad_fn=<RsubBackward1>)"
Denver Nuggets,Miami Heat,"tensor([0.9971], grad_fn=<RsubBackward1>)"
Minnesota Timberwolves,New York Knicks,"tensor([0.9970], grad_fn=<RsubBackward1>)"
Oklahoma City Thunder,Washington Wizards,"tensor([0.9970], grad_fn=<RsubBackward1>)"
Phoenix Suns,Atlanta Hawks,"tensor([0.9970], grad_fn=<RsubBackward1>)"
Portland Trail Blazers,Indiana Pacers,"tensor([0.9971], grad_fn=<RsubBackward1>)"
Toronto Raptors,Memphis Grizzlies,"tensor([0.9971], grad_fn=<RsubBackward1>)"
Brooklyn Nets,Milwaukee Bucks,"tensor([0.9972], grad_fn=<RsubBackward1>)"
Charlotte Hornets,Dallas Mavericks,"tensor([0.9971], grad_fn=<RsubBackward1>)"
Cleveland Cavaliers,Los Angeles Clippers,"tensor([0.9971], grad_fn=<RsubBackward1>)"
Golden State Warriors,Houston Rockets,"tensor([0.9971], grad_fn=<RsubBackward1>)"
Memphis Grizzlies,Orlando Magic,"tensor([0.9972], grad_fn=<RsubBackward1>)"
Utah Jazz,Miami Heat,"tensor([0.9972], grad_fn=<RsubBackward1>)"
Atlanta Hawks,Detroit Pistons,"tensor([0.9972], grad_fn=<RsubBackward1>)"
Boston Celtics,Sacramento Kings,"tensor([0.9972], grad_fn=<RsubBackward1>)"
Chicago Bulls,Cleveland Cavaliers,"tensor([0.9972], grad_fn=<RsubBackward1>)"
Denver Nuggets,Houston Rockets,"tensor([0.9971], grad_fn=<RsubBackward1>)"
New Orleans Pelicans,Los Angeles Clippers,"tensor([0.9971], grad_fn=<RsubBackward1>)"
New York Knicks,Minnesota Timberwolves,"tensor([0.9970], grad_fn=<RsubBackward1>)"
Philadelphia 76ers,Orlando Magic,"tensor([0.9969], grad_fn=<RsubBackward1>)"
San Antonio Spurs,Washington Wizards,"tensor([0.9970], grad_fn=<RsubBackward1>)"
Toronto Raptors,Los Angeles Lakers,"tensor([0.9970], grad_fn=<RsubBackward1>)"
Charlotte Hornets,Minnesota Timberwolves,"tensor([0.9971], grad_fn=<RsubBackward1>)"
Dallas Mavericks,Chicago Bulls,"tensor([0.9971], grad_fn=<RsubBackward1>)"
Golden State Warriors,Phoenix Suns,"tensor([0.9971], grad_fn=<RsubBackward1>)"
Memphis Grizzlies,Los Angeles Lakers,"tensor([0.9971], grad_fn=<RsubBackward1>)"
Milwaukee Bucks,Brooklyn Nets,"tensor([0.9971], grad_fn=<RsubBackward1>)"
Philadelphia 76ers,Boston Celtics,"tensor([0.9971], grad_fn=<RsubBackward1>)"
Portland Trail Blazers,Miami Heat,"tensor([0.9971], grad_fn=<RsubBackward1>)"
Toronto Raptors,Atlanta Hawks,"tensor([0.9971], grad_fn=<RsubBackward1>)"
Utah Jazz,Denver Nuggets,"tensor([0.9971], grad_fn=<RsubBackward1>)"
Detroit Pistons,Orlando Magic,"tensor([0.9971], grad_fn=<RsubBackward1>)"
Los Angeles Clippers,Indiana Pacers,"tensor([0.9971], grad_fn=<RsubBackward1>)"
New York Knicks,Sacramento Kings,"tensor([0.9971], grad_fn=<RsubBackward1>)"
Oklahoma City Thunder,New Orleans Pelicans,"tensor([0.9972], grad_fn=<RsubBackward1>)"
Atlanta Hawks,Oklahoma City Thunder,"tensor([0.9972], grad_fn=<RsubBackward1>)"
Brooklyn Nets,Washington Wizards,"tensor([0.9971], grad_fn=<RsubBackward1>)"
Chicago Bulls,Portland Trail Blazers,"tensor([0.9971], grad_fn=<RsubBackward1>)"
Dallas Mavericks,Charlotte Hornets,"tensor([0.9971], grad_fn=<RsubBackward1>)"
Golden State Warriors,Indiana Pacers,"tensor([0.9972], grad_fn=<RsubBackward1>)"
Houston Rockets,Boston Celtics,"tensor([0.9972], grad_fn=<RsubBackward1>)"
Los Angeles Lakers,Utah Jazz,"tensor([0.9972], grad_fn=<RsubBackward1>)"
Milwaukee Bucks,San Antonio Spurs,"tensor([0.9971], grad_fn=<RsubBackward1>)"
New Orleans Pelicans,Memphis Grizzlies,"tensor([0.9971], grad_fn=<RsubBackward1>)"
Philadelphia 76ers,Denver Nuggets,"tensor([0.9971], grad_fn=<RsubBackward1>)"
Toronto Raptors,Cleveland Cavaliers,"tensor([0.9971], grad_fn=<RsubBackward1>)"
Detroit Pistons,Chicago Bulls,"tensor([0.9970], grad_fn=<RsubBackward1>)"
Memphis Grizzlies,Philadelphia 76ers,"tensor([0.9970], grad_fn=<RsubBackward1>)"
Miami Heat,New York Knicks,"tensor([0.9971], grad_fn=<RsubBackward1>)"
Minnesota Timberwolves,San Antonio Spurs,"tensor([0.9970], grad_fn=<RsubBackward1>)"
Utah Jazz,Phoenix Suns,"tensor([0.9970], grad_fn=<RsubBackward1>)"
Washington Wizards,Orlando Magic,"tensor([0.9971], grad_fn=<RsubBackward1>)"
Atlanta Hawks,Miami Heat,"tensor([0.9970], grad_fn=<RsubBackward1>)"
Brooklyn Nets,Denver Nuggets,"tensor([0.9971], grad_fn=<RsubBackward1>)"
Charlotte Hornets,Detroit Pistons,"tensor([0.9971], grad_fn=<RsubBackward1>)"
Dallas Mavericks,Sacramento Kings,"tensor([0.9971], grad_fn=<RsubBackward1>)"
Houston Rockets,Los Angeles Lakers,"tensor([0.9971], grad_fn=<RsubBackward1>)"
Los Angeles Clippers,Golden State Warriors,"tensor([0.9972], grad_fn=<RsubBackward1>)"
Milwaukee Bucks,Portland Trail Blazers,"tensor([0.9971], grad_fn=<RsubBackward1>)"
New York Knicks,Cleveland Cavaliers,"tensor([0.9970], grad_fn=<RsubBackward1>)"
Orlando Magic,Boston Celtics,"tensor([0.9970], grad_fn=<RsubBackward1>)"
Phoenix Suns,Indiana Pacers,"tensor([0.9971], grad_fn=<RsubBackward1>)"
Chicago Bulls,San Antonio Spurs,"tensor([0.9971], grad_fn=<RsubBackward1>)"
Memphis Grizzlies,Portland Trail Blazers,"tensor([0.9971], grad_fn=<RsubBackward1>)"
New Orleans Pelicans,Philadelphia 76ers,"tensor([0.9971], grad_fn=<RsubBackward1>)"
Toronto Raptors,Minnesota Timberwolves,"tensor([0.9971], grad_fn=<RsubBackward1>)"
Utah Jazz,Golden State Warriors,"tensor([0.9971], grad_fn=<RsubBackward1>)"
Washington Wizards,Denver Nuggets,"tensor([0.9971], grad_fn=<RsubBackward1>)"
Boston Celtics,Toronto Raptors,"tensor([0.9971], grad_fn=<RsubBackward1>)"
Charlotte Hornets,Orlando Magic,"tensor([0.9971], grad_fn=<RsubBackward1>)"
Cleveland Cavaliers,Miami Heat,"tensor([0.9971], grad_fn=<RsubBackward1>)"
Dallas Mavericks,Indiana Pacers,"tensor([0.9971], grad_fn=<RsubBackward1>)"
Los Angeles Lakers,Phoenix Suns,"tensor([0.9972], grad_fn=<RsubBackward1>)"
Milwaukee Bucks,Atlanta Hawks,"tensor([0.9972], grad_fn=<RsubBackward1>)"
Minnesota Timberwolves,Detroit Pistons,"tensor([0.9971], grad_fn=<RsubBackward1>)"
Oklahoma City Thunder,Houston Rockets,"tensor([0.9971], grad_fn=<RsubBackward1>)"
Sacramento Kings,New York Knicks,"tensor([0.9971], grad_fn=<RsubBackward1>)"
Chicago Bulls,Miami Heat,"tensor([0.9971], grad_fn=<RsubBackward1>)"
Cleveland Cavaliers,Charlotte Hornets,"tensor([0.9972], grad_fn=<RsubBackward1>)"
Houston Rockets,Dallas Mavericks,"tensor([0.9971], grad_fn=<RsubBackward1>)"
Indiana Pacers,Portland Trail Blazers,"tensor([0.9971], grad_fn=<RsubBackward1>)"
Los Angeles Clippers,New Orleans Pelicans,"tensor([0.9971], grad_fn=<RsubBackward1>)"
Memphis Grizzlies,Golden State Warriors,"tensor([0.9971], grad_fn=<RsubBackward1>)"
Orlando Magic,Denver Nuggets,"tensor([0.9971], grad_fn=<RsubBackward1>)"
San Antonio Spurs,Brooklyn Nets,"tensor([0.9971], grad_fn=<RsubBackward1>)"
Utah Jazz,Sacramento Kings,"tensor([0.9972], grad_fn=<RsubBackward1>)"
Washington Wizards,Milwaukee Bucks,"tensor([0.9972], grad_fn=<RsubBackward1>)"
Detroit Pistons,Philadelphia 76ers,"tensor([0.9972], grad_fn=<RsubBackward1>)"
Los Angeles Lakers,New York Knicks,"tensor([0.9972], grad_fn=<RsubBackward1>)"
Minnesota Timberwolves,Golden State Warriors,"tensor([0.9971], grad_fn=<RsubBackward1>)"
Oklahoma City Thunder,Boston Celtics,"tensor([0.9971], grad_fn=<RsubBackward1>)"
Phoenix Suns,New Orleans Pelicans,"tensor([0.9971], grad_fn=<RsubBackward1>)"
Dallas Mavericks,Denver Nuggets,"tensor([0.9970], grad_fn=<RsubBackward1>)"
Houston Rockets,Brooklyn Nets,"tensor([0.9971], grad_fn=<RsubBackward1>)"
Indiana Pacers,Charlotte Hornets,"tensor([0.9971], grad_fn=<RsubBackward1>)"
Los Angeles Clippers,Portland Trail Blazers,"tensor([0.9971], grad_fn=<RsubBackward1>)"
Miami Heat,Washington Wizards,"tensor([0.9971], grad_fn=<RsubBackward1>)"
Sacramento Kings,Los Angeles Lakers,"tensor([0.9972], grad_fn=<RsubBackward1>)"
Toronto Raptors,Milwaukee Bucks,"tensor([0.9971], grad_fn=<RsubBackward1>)"
Atlanta Hawks,Orlando Magic,"tensor([0.9971], grad_fn=<RsubBackward1>)"
Chicago Bulls,Minnesota Timberwolves,"tensor([0.9971], grad_fn=<RsubBackward1>)"
Cleveland Cavaliers,Memphis Grizzlies,"tensor([0.9971], grad_fn=<RsubBackward1>)"
New Orleans Pelicans,Golden State Warriors,"tensor([0.9970], grad_fn=<RsubBackward1>)"
Phoenix Suns,New York Knicks,"tensor([0.9970], grad_fn=<RsubBackward1>)"
Portland Trail Blazers,Oklahoma City Thunder,"tensor([0.9970], grad_fn=<RsubBackward1>)"
Brooklyn Nets,Los Angeles Lakers,"tensor([0.9970], grad_fn=<RsubBackward1>)"
Dallas Mavericks,Detroit Pistons,"tensor([0.9970], grad_fn=<RsubBackward1>)"
Houston Rockets,Sacramento Kings,"tensor([0.9971], grad_fn=<RsubBackward1>)"
Memphis Grizzlies,Cleveland Cavaliers,"tensor([0.9970], grad_fn=<RsubBackward1>)"
Miami Heat,Indiana Pacers,"tensor([0.9971], grad_fn=<RsubBackward1>)"
Orlando Magic,Los Angeles Clippers,"tensor([0.9971], grad_fn=<RsubBackward1>)"
Philadelphia 76ers,Toronto Raptors,"tensor([0.9970], grad_fn=<RsubBackward1>)"
San Antonio Spurs,Boston Celtics,"tensor([0.9970], grad_fn=<RsubBackward1>)"
Utah Jazz,Oklahoma City Thunder,"tensor([0.9971], grad_fn=<RsubBackward1>)"
Washington Wizards,Charlotte Hornets,"tensor([0.9971], grad_fn=<RsubBackward1>)"
Denver Nuggets,Portland Trail Blazers,"tensor([0.9970], grad_fn=<RsubBackward1>)"
Golden State Warriors,New York Knicks,"tensor([0.9971], grad_fn=<RsubBackward1>)"
Milwaukee Bucks,Chicago Bulls,"tensor([0.9969], grad_fn=<RsubBackward1>)"
New Orleans Pelicans,Indiana Pacers,"tensor([0.9970], grad_fn=<RsubBackward1>)"
Phoenix Suns,San Antonio Spurs,"tensor([0.9970], grad_fn=<RsubBackward1>)"
Boston Celtics,Charlotte Hornets,"tensor([0.9971], grad_fn=<RsubBackward1>)"
Chicago Bulls,Milwaukee Bucks,"tensor([0.9970], grad_fn=<RsubBackward1>)"
Houston Rockets,New Orleans Pelicans,"tensor([0.9970], grad_fn=<RsubBackward1>)"
Memphis Grizzlies,Sacramento Kings,"tensor([0.9971], grad_fn=<RsubBackward1>)"
Miami Heat,Los Angeles Clippers,"tensor([0.9971], grad_fn=<RsubBackward1>)"
Orlando Magic,Brooklyn Nets,"tensor([0.9972], grad_fn=<RsubBackward1>)"
Philadelphia 76ers,Los Angeles Lakers,"tensor([0.9971], grad_fn=<RsubBackward1>)"
Toronto Raptors,Atlanta Hawks,"tensor([0.9971], grad_fn=<RsubBackward1>)"
Utah Jazz,Dallas Mavericks,"tensor([0.9971], grad_fn=<RsubBackward1>)"
Washington Wizards,Detroit Pistons,"tensor([0.9971], grad_fn=<RsubBackward1>)"
Atlanta Hawks,Charlotte Hornets,"tensor([0.9971], grad_fn=<RsubBackward1>)"
Cleveland Cavaliers,Los Angeles Lakers,"tensor([0.9972], grad_fn=<RsubBackward1>)"
Denver Nuggets,New York Knicks,"tensor([0.9971], grad_fn=<RsubBackward1>)"
Detroit Pistons,Indiana Pacers,"tensor([0.9971], grad_fn=<RsubBackward1>)"
Golden State Warriors,Portland Trail Blazers,"tensor([0.9971], grad_fn=<RsubBackward1>)"
Minnesota Timberwolves,Houston Rockets,"tensor([0.9970], grad_fn=<RsubBackward1>)"
Oklahoma City Thunder,Phoenix Suns,"tensor([0.9970], grad_fn=<RsubBackward1>)"
Dallas Mavericks,Sacramento Kings,"tensor([0.9971], grad_fn=<RsubBackward1>)"
Memphis Grizzlies,Utah Jazz,"tensor([0.9971], grad_fn=<RsubBackward1>)"
Miami Heat,Boston Celtics,"tensor([0.9971], grad_fn=<RsubBackward1>)"
Orlando Magic,Toronto Raptors,"tensor([0.9971], grad_fn=<RsubBackward1>)"
Philadelphia 76ers,Brooklyn Nets,"tensor([0.9971], grad_fn=<RsubBackward1>)"
San Antonio Spurs,New Orleans Pelicans,"tensor([0.9972], grad_fn=<RsubBackward1>)"
Washington Wizards,Los Angeles Clippers,"tensor([0.9972], grad_fn=<RsubBackward1>)"
Chicago Bulls,Detroit Pistons,"tensor([0.9971], grad_fn=<RsubBackward1>)"
Denver Nuggets,Dallas Mavericks,"tensor([0.9970], grad_fn=<RsubBackward1>)"
Indiana Pacers,Washington Wizards,"tensor([0.9970], grad_fn=<RsubBackward1>)"
Minnesota Timberwolves,Phoenix Suns,"tensor([0.9970], grad_fn=<RsubBackward1>)"
Oklahoma City Thunder,Atlanta Hawks,"tensor([0.9970], grad_fn=<RsubBackward1>)"
Charlotte Hornets,Los Angeles Lakers,"tensor([0.9970], grad_fn=<RsubBackward1>)"
Golden State Warriors,Utah Jazz,"tensor([0.9971], grad_fn=<RsubBackward1>)"
Houston Rockets,San Antonio Spurs,"tensor([0.9971], grad_fn=<RsubBackward1>)"
Los Angeles Clippers,Denver Nuggets,"tensor([0.9971], grad_fn=<RsubBackward1>)"
Memphis Grizzlies,Boston Celtics,"tensor([0.9971], grad_fn=<RsubBackward1>)"
Miami Heat,Orlando Magic,"tensor([0.9971], grad_fn=<RsubBackward1>)"
Milwaukee Bucks,Cleveland Cavaliers,"tensor([0.9970], grad_fn=<RsubBackward1>)"
New York Knicks,Indiana Pacers,"tensor([0.9971], grad_fn=<RsubBackward1>)"
Philadelphia 76ers,New Orleans Pelicans,"tensor([0.9971], grad_fn=<RsubBackward1>)"
Sacramento Kings,Portland Trail Blazers,"tensor([0.9971], grad_fn=<RsubBackward1>)"
Toronto Raptors,Brooklyn Nets,"tensor([0.9971], grad_fn=<RsubBackward1>)"
Atlanta Hawks,Minnesota Timberwolves,"tensor([0.9971], grad_fn=<RsubBackward1>)"
Chicago Bulls,Washington Wizards,"tensor([0.9971], grad_fn=<RsubBackward1>)"
Cleveland Cavaliers,Milwaukee Bucks,"tensor([0.9970], grad_fn=<RsubBackward1>)"
Detroit Pistons,Memphis Grizzlies,"tensor([0.9971], grad_fn=<RsubBackward1>)"
New Orleans Pelicans,Oklahoma City Thunder,"tensor([0.9971], grad_fn=<RsubBackward1>)"
Phoenix Suns,Houston Rockets,"tensor([0.9971], grad_fn=<RsubBackward1>)"
Portland Trail Blazers,Dallas Mavericks,"tensor([0.9971], grad_fn=<RsubBackward1>)"
Utah Jazz,Sacramento Kings,"tensor([0.9971], grad_fn=<RsubBackward1>)"
Brooklyn Nets,Golden State Warriors,"tensor([0.9971], grad_fn=<RsubBackward1>)"
Indiana Pacers,Boston Celtics,"tensor([0.9971], grad_fn=<RsubBackward1>)"
Los Angeles Clippers,San Antonio Spurs,"tensor([0.9971], grad_fn=<RsubBackward1>)"
Miami Heat,Los Angeles Lakers,"tensor([0.9971], grad_fn=<RsubBackward1>)"
New York Knicks,Orlando Magic,"tensor([0.9972], grad_fn=<RsubBackward1>)"
Boston Celtics,Oklahoma City Thunder,"tensor([0.9972], grad_fn=<RsubBackward1>)"
Charlotte Hornets,Chicago Bulls,"tensor([0.9971], grad_fn=<RsubBackward1>)"
Cleveland Cavaliers,Brooklyn Nets,"tensor([0.9971], grad_fn=<RsubBackward1>)"
Denver Nuggets,Atlanta Hawks,"tensor([0.9970], grad_fn=<RsubBackward1>)"
Detroit Pistons,Golden State Warriors,"tensor([0.9969], grad_fn=<RsubBackward1>)"
Los Angeles Clippers,Dallas Mavericks,"tensor([0.9970], grad_fn=<RsubBackward1>)"
Memphis Grizzlies,Houston Rockets,"tensor([0.9970], grad_fn=<RsubBackward1>)"
Milwaukee Bucks,Washington Wizards,"tensor([0.9970], grad_fn=<RsubBackward1>)"
Minnesota Timberwolves,Sacramento Kings,"tensor([0.9969], grad_fn=<RsubBackward1>)"
New Orleans Pelicans,Miami Heat,"tensor([0.9969], grad_fn=<RsubBackward1>)"
Orlando Magic,Los Angeles Lakers,"tensor([0.9969], grad_fn=<RsubBackward1>)"
Phoenix Suns,Philadelphia 76ers,"tensor([0.9970], grad_fn=<RsubBackward1>)"
Portland Trail Blazers,San Antonio Spurs,"tensor([0.9971], grad_fn=<RsubBackward1>)"
Utah Jazz,Toronto Raptors,"tensor([0.9971], grad_fn=<RsubBackward1>)"
Cleveland Cavaliers,Golden State Warriors,"tensor([0.9971], grad_fn=<RsubBackward1>)"
Los Angeles Lakers,Los Angeles Clippers,"tensor([0.9971], grad_fn=<RsubBackward1>)"
New York Knicks,Boston Celtics,"tensor([0.9972], grad_fn=<RsubBackward1>)"
Oklahoma City Thunder,Minnesota Timberwolves,"tensor([0.9971], grad_fn=<RsubBackward1>)"
San Antonio Spurs,Chicago Bulls,"tensor([0.9971], grad_fn=<RsubBackward1>)"
Brooklyn Nets,Charlotte Hornets,"tensor([0.9970], grad_fn=<RsubBackward1>)"
Chicago Bulls,Indiana Pacers,"tensor([0.9970], grad_fn=<RsubBackward1>)"
Detroit Pistons,Cleveland Cavaliers,"tensor([0.9970], grad_fn=<RsubBackward1>)"
Houston Rockets,Phoenix Suns,"tensor([0.9970], grad_fn=<RsubBackward1>)"
Los Angeles Clippers,Denver Nuggets,"tensor([0.9970], grad_fn=<RsubBackward1>)"
Minnesota Timberwolves,Atlanta Hawks,"tensor([0.9970], grad_fn=<RsubBackward1>)"
New Orleans Pelicans,Dallas Mavericks,"tensor([0.9969], grad_fn=<RsubBackward1>)"
Orlando Magic,Memphis Grizzlies,"tensor([0.9970], grad_fn=<RsubBackward1>)"
Portland Trail Blazers,Toronto Raptors,"tensor([0.9970], grad_fn=<RsubBackward1>)"
Sacramento Kings,Philadelphia 76ers,"tensor([0.9971], grad_fn=<RsubBackward1>)"
Washington Wizards,Milwaukee Bucks,"tensor([0.9971], grad_fn=<RsubBackward1>)"
Boston Celtics,Memphis Grizzlies,"tensor([0.9972], grad_fn=<RsubBackward1>)"
Dallas Mavericks,Houston Rockets,"tensor([0.9972], grad_fn=<RsubBackward1>)"
Los Angeles Lakers,Utah Jazz,"tensor([0.9972], grad_fn=<RsubBackward1>)"
Miami Heat,Oklahoma City Thunder,"tensor([0.9972], grad_fn=<RsubBackward1>)"
Atlanta Hawks,New York Knicks,"tensor([0.9971], grad_fn=<RsubBackward1>)"
Chicago Bulls,Brooklyn Nets,"tensor([0.9971], grad_fn=<RsubBackward1>)"
Denver Nuggets,Minnesota Timberwolves,"tensor([0.9971], grad_fn=<RsubBackward1>)"
Detroit Pistons,Milwaukee Bucks,"tensor([0.9971], grad_fn=<RsubBackward1>)"
Golden State Warriors,Toronto Raptors,"tensor([0.9971], grad_fn=<RsubBackward1>)"
New Orleans Pelicans,Los Angeles Clippers,"tensor([0.9971], grad_fn=<RsubBackward1>)"
Orlando Magic,Charlotte Hornets,"tensor([0.9971], grad_fn=<RsubBackward1>)"
Portland Trail Blazers,Sacramento Kings,"tensor([0.9972], grad_fn=<RsubBackward1>)"
San Antonio Spurs,Phoenix Suns,"tensor([0.9972], grad_fn=<RsubBackward1>)"
Washington Wizards,Indiana Pacers,"tensor([0.9972], grad_fn=<RsubBackward1>)"
Charlotte Hornets,Miami Heat,"tensor([0.9972], grad_fn=<RsubBackward1>)"
Cleveland Cavaliers,Boston Celtics,"tensor([0.9972], grad_fn=<RsubBackward1>)"
Los Angeles Lakers,Dallas Mavericks,"tensor([0.9972], grad_fn=<RsubBackward1>)"
Memphis Grizzlies,Oklahoma City Thunder,"tensor([0.9972], grad_fn=<RsubBackward1>)"
Phoenix Suns,Toronto Raptors,"tensor([0.9971], grad_fn=<RsubBackward1>)"
Utah Jazz,Philadelphia 76ers,"tensor([0.9971], grad_fn=<RsubBackward1>)"
Atlanta Hawks,Detroit Pistons,"tensor([0.9971], grad_fn=<RsubBackward1>)"
Boston Celtics,Miami Heat,"tensor([0.9971], grad_fn=<RsubBackward1>)"
Denver Nuggets,Philadelphia 76ers,"tensor([0.9971], grad_fn=<RsubBackward1>)"
Golden State Warriors,Dallas Mavericks,"tensor([0.9971], grad_fn=<RsubBackward1>)"
Houston Rockets,Los Angeles Clippers,"tensor([0.9971], grad_fn=<RsubBackward1>)"
Indiana Pacers,Chicago Bulls,"tensor([0.9970], grad_fn=<RsubBackward1>)"
Minnesota Timberwolves,Milwaukee Bucks,"tensor([0.9970], grad_fn=<RsubBackward1>)"
New Orleans Pelicans,New York Knicks,"tensor([0.9970], grad_fn=<RsubBackward1>)"
San Antonio Spurs,Portland Trail Blazers,"tensor([0.9970], grad_fn=<RsubBackward1>)"
Washington Wizards,Brooklyn Nets,"tensor([0.9970], grad_fn=<RsubBackward1>)"
Chicago Bulls,Milwaukee Bucks,"tensor([0.9970], grad_fn=<RsubBackward1>)"
Charlotte Hornets,Cleveland Cavaliers,"tensor([0.9970], grad_fn=<RsubBackward1>)"
Houston Rockets,New York Knicks,"tensor([0.9970], grad_fn=<RsubBackward1>)"
Oklahoma City Thunder,Los Angeles Clippers,"tensor([0.9970], grad_fn=<RsubBackward1>)"
Sacramento Kings,Memphis Grizzlies,"tensor([0.9971], grad_fn=<RsubBackward1>)"
Utah Jazz,Phoenix Suns,"tensor([0.9971], grad_fn=<RsubBackward1>)"
Atlanta Hawks,San Antonio Spurs,"tensor([0.9971], grad_fn=<RsubBackward1>)"
Indiana Pacers,Orlando Magic,"tensor([0.9971], grad_fn=<RsubBackward1>)"
Los Angeles Lakers,Toronto Raptors,"tensor([0.9971], grad_fn=<RsubBackward1>)"
Miami Heat,Detroit Pistons,"tensor([0.9972], grad_fn=<RsubBackward1>)"
Minnesota Timberwolves,Portland Trail Blazers,"tensor([0.9971], grad_fn=<RsubBackward1>)"
Brooklyn Nets,Utah Jazz,"tensor([0.9970], grad_fn=<RsubBackward1>)"
Chicago Bulls,Charlotte Hornets,"tensor([0.9969], grad_fn=<RsubBackward1>)"
Cleveland Cavaliers,New Orleans Pelicans,"tensor([0.9969], grad_fn=<RsubBackward1>)"
Golden State Warriors,Denver Nuggets,"tensor([0.9969], grad_fn=<RsubBackward1>)"
Houston Rockets,Washington Wizards,"tensor([0.9970], grad_fn=<RsubBackward1>)"
Los Angeles Clippers,Phoenix Suns,"tensor([0.9970], grad_fn=<RsubBackward1>)"
Milwaukee Bucks,Oklahoma City Thunder,"tensor([0.9970], grad_fn=<RsubBackward1>)"
New York Knicks,Orlando Magic,"tensor([0.9971], grad_fn=<RsubBackward1>)"
Boston Celtics,Utah Jazz,"tensor([0.9971], grad_fn=<RsubBackward1>)"
Dallas Mavericks,Washington Wizards,"tensor([0.9971], grad_fn=<RsubBackward1>)"
Denver Nuggets,Sacramento Kings,"tensor([0.9971], grad_fn=<RsubBackward1>)"
Detroit Pistons,Indiana Pacers,"tensor([0.9971], grad_fn=<RsubBackward1>)"
Los Angeles Lakers,Memphis Grizzlies,"tensor([0.9971], grad_fn=<RsubBackward1>)"
Philadelphia 76ers,Minnesota Timberwolves,"tensor([0.9971], grad_fn=<RsubBackward1>)"
Phoenix Suns,Miami Heat,"tensor([0.9971], grad_fn=<RsubBackward1>)"
San Antonio Spurs,Toronto Raptors,"tensor([0.9971], grad_fn=<RsubBackward1>)"
Charlotte Hornets,Oklahoma City Thunder,"tensor([0.9971], grad_fn=<RsubBackward1>)"
Cleveland Cavaliers,Chicago Bulls,"tensor([0.9971], grad_fn=<RsubBackward1>)"
Golden State Warriors,Portland Trail Blazers,"tensor([0.9971], grad_fn=<RsubBackward1>)"
Los Angeles Clippers,Memphis Grizzlies,"tensor([0.9972], grad_fn=<RsubBackward1>)"
New York Knicks,Milwaukee Bucks,"tensor([0.9971], grad_fn=<RsubBackward1>)"
Orlando Magic,Atlanta Hawks,"tensor([0.9971], grad_fn=<RsubBackward1>)"
Sacramento Kings,Miami Heat,"tensor([0.9971], grad_fn=<RsubBackward1>)"
Dallas Mavericks,Phoenix Suns,"tensor([0.9972], grad_fn=<RsubBackward1>)"
Denver Nuggets,San Antonio Spurs,"tensor([0.9971], grad_fn=<RsubBackward1>)"
Detroit Pistons,Charlotte Hornets,"tensor([0.9971], grad_fn=<RsubBackward1>)"
Houston Rockets,Oklahoma City Thunder,"tensor([0.9971], grad_fn=<RsubBackward1>)"
Indiana Pacers,Brooklyn Nets,"tensor([0.9971], grad_fn=<RsubBackward1>)"
New Orleans Pelicans,Atlanta Hawks,"tensor([0.9971], grad_fn=<RsubBackward1>)"
Portland Trail Blazers,Los Angeles Lakers,"tensor([0.9971], grad_fn=<RsubBackward1>)"
Toronto Raptors,Utah Jazz,"tensor([0.9972], grad_fn=<RsubBackward1>)"
Boston Celtics,Philadelphia 76ers,"tensor([0.9972], grad_fn=<RsubBackward1>)"
Brooklyn Nets,Cleveland Cavaliers,"tensor([0.9971], grad_fn=<RsubBackward1>)"
Golden State Warriors,Memphis Grizzlies,"tensor([0.9971], grad_fn=<RsubBackward1>)"
Los Angeles Lakers,Miami Heat,"tensor([0.9971], grad_fn=<RsubBackward1>)"
Milwaukee Bucks,New York Knicks,"tensor([0.9970], grad_fn=<RsubBackward1>)"
Orlando Magic,Houston Rockets,"tensor([0.9970], grad_fn=<RsubBackward1>)"
Sacramento Kings,Los Angeles Clippers,"tensor([0.9970], grad_fn=<RsubBackward1>)"
Washington Wizards,Minnesota Timberwolves,"tensor([0.9970], grad_fn=<RsubBackward1>)"
Boston Celtics,New Orleans Pelicans,"tensor([0.9970], grad_fn=<RsubBackward1>)"
Chicago Bulls,Toronto Raptors,"tensor([0.9971], grad_fn=<RsubBackward1>)"
Dallas Mavericks,Atlanta Hawks,"tensor([0.9971], grad_fn=<RsubBackward1>)"
Indiana Pacers,New York Knicks,"tensor([0.9971], grad_fn=<RsubBackward1>)"
Minnesota Timberwolves,Utah Jazz,"tensor([0.9970], grad_fn=<RsubBackward1>)"
Oklahoma City Thunder,Denver Nuggets,"tensor([0.9970], grad_fn=<RsubBackward1>)"
San Antonio Spurs,Charlotte Hornets,"tensor([0.9970], grad_fn=<RsubBackward1>)"
Brooklyn Nets,Philadelphia 76ers,"tensor([0.9971], grad_fn=<RsubBackward1>)"
Los Angeles Clippers,Miami Heat,"tensor([0.9971], grad_fn=<RsubBackward1>)"
Los Angeles Lakers,Orlando Magic,"tensor([0.9971], grad_fn=<RsubBackward1>)"
Memphis Grizzlies,Utah Jazz,"tensor([0.9971], grad_fn=<RsubBackward1>)"
Milwaukee Bucks,Washington Wizards,"tensor([0.9971], grad_fn=<RsubBackward1>)"
Phoenix Suns,Cleveland Cavaliers,"tensor([0.9970], grad_fn=<RsubBackward1>)"
Portland Trail Blazers,Detroit Pistons,"tensor([0.9970], grad_fn=<RsubBackward1>)"
Sacramento Kings,Golden State Warriors,"tensor([0.9970], grad_fn=<RsubBackward1>)"
Toronto Raptors,Houston Rockets,"tensor([0.9971], grad_fn=<RsubBackward1>)"
Chicago Bulls,Oklahoma City Thunder,"tensor([0.9971], grad_fn=<RsubBackward1>)"
Minnesota Timberwolves,Dallas Mavericks,"tensor([0.9970], grad_fn=<RsubBackward1>)"
New York Knicks,New Orleans Pelicans,"tensor([0.9971], grad_fn=<RsubBackward1>)"
Brooklyn Nets,Atlanta Hawks,"tensor([0.9971], grad_fn=<RsubBackward1>)"
Golden State Warriors,Miami Heat,"tensor([0.9971], grad_fn=<RsubBackward1>)"
Houston Rockets,Charlotte Hornets,"tensor([0.9971], grad_fn=<RsubBackward1>)"
Los Angeles Lakers,Portland Trail Blazers,"tensor([0.9972], grad_fn=<RsubBackward1>)"
Sacramento Kings,Detroit Pistons,"tensor([0.9972], grad_fn=<RsubBackward1>)"
San Antonio Spurs,Milwaukee Bucks,"tensor([0.9972], grad_fn=<RsubBackward1>)"
Toronto Raptors,Boston Celtics,"tensor([0.9972], grad_fn=<RsubBackward1>)"
Utah Jazz,Cleveland Cavaliers,"tensor([0.9972], grad_fn=<RsubBackward1>)"
Washington Wizards,Chicago Bulls,"tensor([0.9971], grad_fn=<RsubBackward1>)"
Boston Celtics,Washington Wizards,"tensor([0.9971], grad_fn=<RsubBackward1>)"
Los Angeles Clippers,Orlando Magic,"tensor([0.9971], grad_fn=<RsubBackward1>)"
Minnesota Timberwolves,Houston Rockets,"tensor([0.9971], grad_fn=<RsubBackward1>)"
Oklahoma City Thunder,Memphis Grizzlies,"tensor([0.9971], grad_fn=<RsubBackward1>)"
Philadelphia 76ers,New York Knicks,"tensor([0.9970], grad_fn=<RsubBackward1>)"
Portland Trail Blazers,Cleveland Cavaliers,"tensor([0.9970], grad_fn=<RsubBackward1>)"
Brooklyn Nets,New Orleans Pelicans,"tensor([0.9970], grad_fn=<RsubBackward1>)"
Denver Nuggets,Indiana Pacers,"tensor([0.9970], grad_fn=<RsubBackward1>)"
Golden State Warriors,Detroit Pistons,"tensor([0.9970], grad_fn=<RsubBackward1>)"
New York Knicks,Chicago Bulls,"tensor([0.9971], grad_fn=<RsubBackward1>)"
Phoenix Suns,Dallas Mavericks,"tensor([0.9970], grad_fn=<RsubBackward1>)"
San Antonio Spurs,Los Angeles Lakers,"tensor([0.9970], grad_fn=<RsubBackward1>)"
Atlanta Hawks,Boston Celtics,"tensor([0.9970], grad_fn=<RsubBackward1>)"
Houston Rockets,Memphis Grizzlies,"tensor([0.9971], grad_fn=<RsubBackward1>)"
Milwaukee Bucks,Miami Heat,"tensor([0.9970], grad_fn=<RsubBackward1>)"
Minnesota Timberwolves,Oklahoma City Thunder,"tensor([0.9969], grad_fn=<RsubBackward1>)"
Philadelphia 76ers,Charlotte Hornets,"tensor([0.9969], grad_fn=<RsubBackward1>)"
Portland Trail Blazers,Orlando Magic,"tensor([0.9969], grad_fn=<RsubBackward1>)"
Sacramento Kings,Cleveland Cavaliers,"tensor([0.9969], grad_fn=<RsubBackward1>)"
Toronto Raptors,Brooklyn Nets,"tensor([0.9969], grad_fn=<RsubBackward1>)"
Utah Jazz,Detroit Pistons,"tensor([0.9970], grad_fn=<RsubBackward1>)"
Chicago Bulls,New Orleans Pelicans,"tensor([0.9970], grad_fn=<RsubBackward1>)"
Los Angeles Clippers,Los Angeles Lakers,"tensor([0.9971], grad_fn=<RsubBackward1>)"
Phoenix Suns,San Antonio Spurs,"tensor([0.9971], grad_fn=<RsubBackward1>)"
Utah Jazz,Orlando Magic,"tensor([0.9971], grad_fn=<RsubBackward1>)"
Washington Wizards,Philadelphia 76ers,"tensor([0.9972], grad_fn=<RsubBackward1>)"
Atlanta Hawks,Milwaukee Bucks,"tensor([0.9972], grad_fn=<RsubBackward1>)"
Brooklyn Nets,Houston Rockets,"tensor([0.9971], grad_fn=<RsubBackward1>)"
Dallas Mavericks,Minnesota Timberwolves,"tensor([0.9971], grad_fn=<RsubBackward1>)"
Los Angeles Lakers,Detroit Pistons,"tensor([0.9971], grad_fn=<RsubBackward1>)"
Memphis Grizzlies,Chicago Bulls,"tensor([0.9970], grad_fn=<RsubBackward1>)"
Sacramento Kings,Oklahoma City Thunder,"tensor([0.9970], grad_fn=<RsubBackward1>)"
Toronto Raptors,New York Knicks,"tensor([0.9971], grad_fn=<RsubBackward1>)"
Boston Celtics,Charlotte Hornets,"tensor([0.9971], grad_fn=<RsubBackward1>)"
Denver Nuggets,Orlando Magic,"tensor([0.9971], grad_fn=<RsubBackward1>)"
Golden State Warriors,Cleveland Cavaliers,"tensor([0.9971], grad_fn=<RsubBackward1>)"
Indiana Pacers,New Orleans Pelicans,"tensor([0.9971], grad_fn=<RsubBackward1>)"
Los Angeles Clippers,Oklahoma City Thunder,"tensor([0.9971], grad_fn=<RsubBackward1>)"
Milwaukee Bucks,Philadelphia 76ers,"tensor([0.9971], grad_fn=<RsubBackward1>)"
New York Knicks,Atlanta Hawks,"tensor([0.9972], grad_fn=<RsubBackward1>)"
Phoenix Suns,Utah Jazz,"tensor([0.9972], grad_fn=<RsubBackward1>)"
Washington Wizards,Portland Trail Blazers,"tensor([0.9972], grad_fn=<RsubBackward1>)"
Brooklyn Nets,Toronto Raptors,"tensor([0.9971], grad_fn=<RsubBackward1>)"
Chicago Bulls,Dallas Mavericks,"tensor([0.9971], grad_fn=<RsubBackward1>)"
Los Angeles Lakers,Denver Nuggets,"tensor([0.9970], grad_fn=<RsubBackward1>)"
Miami Heat,Houston Rockets,"tensor([0.9971], grad_fn=<RsubBackward1>)"
San Antonio Spurs,Minnesota Timberwolves,"tensor([0.9971], grad_fn=<RsubBackward1>)"
Boston Celtics,New York Knicks,"tensor([0.9971], grad_fn=<RsubBackward1>)"
Charlotte Hornets,Portland Trail Blazers,"tensor([0.9971], grad_fn=<RsubBackward1>)"
Detroit Pistons,Atlanta Hawks,"tensor([0.9971], grad_fn=<RsubBackward1>)"
Golden State Warriors,Oklahoma City Thunder,"tensor([0.9971], grad_fn=<RsubBackward1>)"
Houston Rockets,Milwaukee Bucks,"tensor([0.9972], grad_fn=<RsubBackward1>)"
New Orleans Pelicans,Orlando Magic,"tensor([0.9972], grad_fn=<RsubBackward1>)"
Philadelphia 76ers,Toronto Raptors,"tensor([0.9971], grad_fn=<RsubBackward1>)"
Sacramento Kings,Indiana Pacers,"tensor([0.9971], grad_fn=<RsubBackward1>)"
Washington Wizards,Memphis Grizzlies,"tensor([0.9971], grad_fn=<RsubBackward1>)"
Cleveland Cavaliers,Phoenix Suns,"tensor([0.9971], grad_fn=<RsubBackward1>)"
Los Angeles Clippers,Minnesota Timberwolves,"tensor([0.9971], grad_fn=<RsubBackward1>)"
Miami Heat,Dallas Mavericks,"tensor([0.9971], grad_fn=<RsubBackward1>)"
New York Knicks,Washington Wizards,"tensor([0.9971], grad_fn=<RsubBackward1>)"
San Antonio Spurs,Denver Nuggets,"tensor([0.9971], grad_fn=<RsubBackward1>)"
Atlanta Hawks,Chicago Bulls,"tensor([0.9970], grad_fn=<RsubBackward1>)"
Charlotte Hornets,Toronto Raptors,"tensor([0.9970], grad_fn=<RsubBackward1>)"
Dallas Mavericks,Utah Jazz,"tensor([0.9970], grad_fn=<RsubBackward1>)"
Houston Rockets,Golden State Warriors,"tensor([0.9971], grad_fn=<RsubBackward1>)"
Los Angeles Lakers,Indiana Pacers,"tensor([0.9971], grad_fn=<RsubBackward1>)"
Memphis Grizzlies,Sacramento Kings,"tensor([0.9971], grad_fn=<RsubBackward1>)"
New Orleans Pelicans,Brooklyn Nets,"tensor([0.9972], grad_fn=<RsubBackward1>)"
Orlando Magic,Milwaukee Bucks,"tensor([0.9972], grad_fn=<RsubBackward1>)"
Philadelphia 76ers,Portland Trail Blazers,"tensor([0.9971], grad_fn=<RsubBackward1>)"
Atlanta Hawks,Philadelphia 76ers,"tensor([0.9971], grad_fn=<RsubBackward1>)"
Boston Celtics,Portland Trail Blazers,"tensor([0.9971], grad_fn=<RsubBackward1>)"
Chicago Bulls,Sacramento Kings,"tensor([0.9971], grad_fn=<RsubBackward1>)"
Charlotte Hornets,Brooklyn Nets,"tensor([0.9971], grad_fn=<RsubBackward1>)"
Cleveland Cavaliers,San Antonio Spurs,"tensor([0.9971], grad_fn=<RsubBackward1>)"
Denver Nuggets,Los Angeles Clippers,"tensor([0.9971], grad_fn=<RsubBackward1>)"
Detroit Pistons,Washington Wizards,"tensor([0.9971], grad_fn=<RsubBackward1>)"
Memphis Grizzlies,Houston Rockets,"tensor([0.9971], grad_fn=<RsubBackward1>)"
Miami Heat,Milwaukee Bucks,"tensor([0.9971], grad_fn=<RsubBackward1>)"
New York Knicks,Phoenix Suns,"tensor([0.9971], grad_fn=<RsubBackward1>)"
Utah Jazz,Indiana Pacers,"tensor([0.9971], grad_fn=<RsubBackward1>)"
Dallas Mavericks,Los Angeles Lakers,"tensor([0.9972], grad_fn=<RsubBackward1>)"
Minnesota Timberwolves,Denver Nuggets,"tensor([0.9972], grad_fn=<RsubBackward1>)"
Orlando Magic,Golden State Warriors,"tensor([0.9972], grad_fn=<RsubBackward1>)"
Toronto Raptors,Phoenix Suns,"tensor([0.9972], grad_fn=<RsubBackward1>)"
Atlanta Hawks,Los Angeles Clippers,"tensor([0.9972], grad_fn=<RsubBackward1>)"
Brooklyn Nets,San Antonio Spurs,"tensor([0.9971], grad_fn=<RsubBackward1>)"
Charlotte Hornets,Washington Wizards,"tensor([0.9971], grad_fn=<RsubBackward1>)"
Detroit Pistons,Sacramento Kings,"tensor([0.9971], grad_fn=<RsubBackward1>)"
Indiana Pacers,New York Knicks,"tensor([0.9970], grad_fn=<RsubBackward1>)"
Miami Heat,Golden State Warriors,"tensor([0.9971], grad_fn=<RsubBackward1>)"
Milwaukee Bucks,Houston Rockets,"tensor([0.9970], grad_fn=<RsubBackward1>)"
New Orleans Pelicans,Cleveland Cavaliers,"tensor([0.9970], grad_fn=<RsubBackward1>)"
Utah Jazz,Oklahoma City Thunder,"tensor([0.9970], grad_fn=<RsubBackward1>)"
Denver Nuggets,Utah Jazz,"tensor([0.9970], grad_fn=<RsubBackward1>)"
Orlando Magic,Chicago Bulls,"tensor([0.9969], grad_fn=<RsubBackward1>)"
Philadelphia 76ers,Los Angeles Clippers,"tensor([0.9968], grad_fn=<RsubBackward1>)"
Phoenix Suns,Minnesota Timberwolves,"tensor([0.9969], grad_fn=<RsubBackward1>)"
Toronto Raptors,San Antonio Spurs,"tensor([0.9970], grad_fn=<RsubBackward1>)"
Washington Wizards,Boston Celtics,"tensor([0.9970], grad_fn=<RsubBackward1>)"
Boston Celtics,Houston Rockets,"tensor([0.9971], grad_fn=<RsubBackward1>)"
Brooklyn Nets,Miami Heat,"tensor([0.9970], grad_fn=<RsubBackward1>)"
Chicago Bulls,Atlanta Hawks,"tensor([0.9970], grad_fn=<RsubBackward1>)"
Charlotte Hornets,Golden State Warriors,"tensor([0.9970], grad_fn=<RsubBackward1>)"
Cleveland Cavaliers,Sacramento Kings,"tensor([0.9970], grad_fn=<RsubBackward1>)"
Dallas Mavericks,New York Knicks,"tensor([0.9971], grad_fn=<RsubBackward1>)"
Memphis Grizzlies,Toronto Raptors,"tensor([0.9971], grad_fn=<RsubBackward1>)"
Milwaukee Bucks,Philadelphia 76ers,"tensor([0.9971], grad_fn=<RsubBackward1>)"
New Orleans Pelicans,Oklahoma City Thunder,"tensor([0.9971], grad_fn=<RsubBackward1>)"
Portland Trail Blazers,Los Angeles Lakers,"tensor([0.9971], grad_fn=<RsubBackward1>)"
Denver Nuggets,Phoenix Suns,"tensor([0.9971], grad_fn=<RsubBackward1>)"
Minnesota Timberwolves,Indiana Pacers,"tensor([0.9970], grad_fn=<RsubBackward1>)"
Oklahoma City Thunder,Dallas Mavericks,"tensor([0.9970], grad_fn=<RsubBackward1>)"
Utah Jazz,Los Angeles Lakers,"tensor([0.9970], grad_fn=<RsubBackward1>)"
Atlanta Hawks,Washington Wizards,"tensor([0.9971], grad_fn=<RsubBackward1>)"
Boston Celtics,Orlando Magic,"tensor([0.9971], grad_fn=<RsubBackward1>)"
Chicago Bulls,Miami Heat,"tensor([0.9971], grad_fn=<RsubBackward1>)"
Cleveland Cavaliers,Brooklyn Nets,"tensor([0.9971], grad_fn=<RsubBackward1>)"
Indiana Pacers,Sacramento Kings,"tensor([0.9971], grad_fn=<RsubBackward1>)"
New Orleans Pelicans,San Antonio Spurs,"tensor([0.9971], grad_fn=<RsubBackward1>)"
New York Knicks,Charlotte Hornets,"tensor([0.9971], grad_fn=<RsubBackward1>)"
Philadelphia 76ers,Houston Rockets,"tensor([0.9971], grad_fn=<RsubBackward1>)"
Portland Trail Blazers,Memphis Grizzlies,"tensor([0.9971], grad_fn=<RsubBackward1>)"
Toronto Raptors,Milwaukee Bucks,"tensor([0.9971], grad_fn=<RsubBackward1>)"
Charlotte Hornets,Sacramento Kings,"tensor([0.9971], grad_fn=<RsubBackward1>)"
Golden State Warriors,Los Angeles Clippers,"tensor([0.9971], grad_fn=<RsubBackward1>)"
Miami Heat,Detroit Pistons,"tensor([0.9972], grad_fn=<RsubBackward1>)"
Milwaukee Bucks,Boston Celtics,"tensor([0.9971], grad_fn=<RsubBackward1>)"
Minnesota Timberwolves,Brooklyn Nets,"tensor([0.9971], grad_fn=<RsubBackward1>)"
Phoenix Suns,Denver Nuggets,"tensor([0.9971], grad_fn=<RsubBackward1>)"
Utah Jazz,Memphis Grizzlies,"tensor([0.9971], grad_fn=<RsubBackward1>)"
Atlanta Hawks,New York Knicks,"tensor([0.9971], grad_fn=<RsubBackward1>)"
Chicago Bulls,Philadelphia 76ers,"tensor([0.9970], grad_fn=<RsubBackward1>)"
Cleveland Cavaliers,Oklahoma City Thunder,"tensor([0.9971], grad_fn=<RsubBackward1>)"
Indiana Pacers,Houston Rockets,"tensor([0.9971], grad_fn=<RsubBackward1>)"
New Orleans Pelicans,Washington Wizards,"tensor([0.9971], grad_fn=<RsubBackward1>)"
Portland Trail Blazers,Golden State Warriors,"tensor([0.9971], grad_fn=<RsubBackward1>)"
San Antonio Spurs,Dallas Mavericks,"tensor([0.9971], grad_fn=<RsubBackward1>)"
Toronto Raptors,Orlando Magic,"tensor([0.9971], grad_fn=<RsubBackward1>)"
Boston Celtics,Detroit Pistons,"tensor([0.9972], grad_fn=<RsubBackward1>)"
Dallas Mavericks,Cleveland Cavaliers,"tensor([0.9972], grad_fn=<RsubBackward1>)"
Miami Heat,Brooklyn Nets,"tensor([0.9972], grad_fn=<RsubBackward1>)"
Minnesota Timberwolves,Orlando Magic,"tensor([0.9971], grad_fn=<RsubBackward1>)"
Philadelphia 76ers,Sacramento Kings,"tensor([0.9970], grad_fn=<RsubBackward1>)"
Phoenix Suns,Memphis Grizzlies,"tensor([0.9971], grad_fn=<RsubBackward1>)"
Houston Rockets,Sacramento Kings,"tensor([0.9971], grad_fn=<RsubBackward1>)"
Los Angeles Lakers,Denver Nuggets,"tensor([0.9971], grad_fn=<RsubBackward1>)"
Portland Trail Blazers,Charlotte Hornets,"tensor([0.9971], grad_fn=<RsubBackward1>)"
San Antonio Spurs,Oklahoma City Thunder,"tensor([0.9971], grad_fn=<RsubBackward1>)"
Toronto Raptors,New Orleans Pelicans,"tensor([0.9972], grad_fn=<RsubBackward1>)"
Washington Wizards,New York Knicks,"tensor([0.9971], grad_fn=<RsubBackward1>)"
Boston Celtics,Toronto Raptors,"tensor([0.9972], grad_fn=<RsubBackward1>)"
Brooklyn Nets,New York Knicks,"tensor([0.9971], grad_fn=<RsubBackward1>)"
Cleveland Cavaliers,Minnesota Timberwolves,"tensor([0.9970], grad_fn=<RsubBackward1>)"
Dallas Mavericks,Philadelphia 76ers,"tensor([0.9969], grad_fn=<RsubBackward1>)"
Denver Nuggets,Memphis Grizzlies,"tensor([0.9969], grad_fn=<RsubBackward1>)"
Detroit Pistons,New Orleans Pelicans,"tensor([0.9970], grad_fn=<RsubBackward1>)"
Golden State Warriors,Charlotte Hornets,"tensor([0.9970], grad_fn=<RsubBackward1>)"
Miami Heat,Atlanta Hawks,"tensor([0.9971], grad_fn=<RsubBackward1>)"
Oklahoma City Thunder,Chicago Bulls,"tensor([0.9971], grad_fn=<RsubBackward1>)"
Orlando Magic,Indiana Pacers,"tensor([0.9971], grad_fn=<RsubBackward1>)"
Phoenix Suns,Los Angeles Clippers,"tensor([0.9971], grad_fn=<RsubBackward1>)"
Utah Jazz,Milwaukee Bucks,"tensor([0.9971], grad_fn=<RsubBackward1>)"
Houston Rockets,Atlanta Hawks,"tensor([0.9971], grad_fn=<RsubBackward1>)"
Los Angeles Clippers,Golden State Warriors,"tensor([0.9971], grad_fn=<RsubBackward1>)"
San Antonio Spurs,Philadelphia 76ers,"tensor([0.9971], grad_fn=<RsubBackward1>)"
Washington Wizards,Los Angeles Lakers,"tensor([0.9971], grad_fn=<RsubBackward1>)"
Boston Celtics,Los Angeles Lakers,"tensor([0.9971], grad_fn=<RsubBackward1>)"
Brooklyn Nets,Indiana Pacers,"tensor([0.9971], grad_fn=<RsubBackward1>)"
Denver Nuggets,Milwaukee Bucks,"tensor([0.9971], grad_fn=<RsubBackward1>)"
Detroit Pistons,Minnesota Timberwolves,"tensor([0.9971], grad_fn=<RsubBackward1>)"
Houston Rockets,Chicago Bulls,"tensor([0.9971], grad_fn=<RsubBackward1>)"
Oklahoma City Thunder,Memphis Grizzlies,"tensor([0.9971], grad_fn=<RsubBackward1>)"
Orlando Magic,Toronto Raptors,"tensor([0.9971], grad_fn=<RsubBackward1>)"
Portland Trail Blazers,Dallas Mavericks,"tensor([0.9971], grad_fn=<RsubBackward1>)"
Sacramento Kings,Phoenix Suns,"tensor([0.9971], grad_fn=<RsubBackward1>)"
Atlanta Hawks,Orlando Magic,"tensor([0.9971], grad_fn=<RsubBackward1>)"
Indiana Pacers,Detroit Pistons,"tensor([0.9971], grad_fn=<RsubBackward1>)"
Miami Heat,Philadelphia 76ers,"tensor([0.9971], grad_fn=<RsubBackward1>)"
Minnesota Timberwolves,Memphis Grizzlies,"tensor([0.9971], grad_fn=<RsubBackward1>)"
New York Knicks,Cleveland Cavaliers,"tensor([0.9971], grad_fn=<RsubBackward1>)"
Phoenix Suns,Milwaukee Bucks,"tensor([0.9971], grad_fn=<RsubBackward1>)"
Sacramento Kings,Golden State Warriors,"tensor([0.9971], grad_fn=<RsubBackward1>)"
San Antonio Spurs,Denver Nuggets,"tensor([0.9971], grad_fn=<RsubBackward1>)"
Utah Jazz,Charlotte Hornets,"tensor([0.9971], grad_fn=<RsubBackward1>)"
Washington Wizards,New Orleans Pelicans,"tensor([0.9971], grad_fn=<RsubBackward1>)"
Boston Celtics,Los Angeles Clippers,"tensor([0.9972], grad_fn=<RsubBackward1>)"
Brooklyn Nets,Toronto Raptors,"tensor([0.9971], grad_fn=<RsubBackward1>)"
Oklahoma City Thunder,Portland Trail Blazers,"tensor([0.9971], grad_fn=<RsubBackward1>)"
Atlanta Hawks,Utah Jazz,"tensor([0.9970], grad_fn=<RsubBackward1>)"
Denver Nuggets,Dallas Mavericks,"tensor([0.9970], grad_fn=<RsubBackward1>)"
Detroit Pistons,Philadelphia 76ers,"tensor([0.9970], grad_fn=<RsubBackward1>)"
Indiana Pacers,Oklahoma City Thunder,"tensor([0.9970], grad_fn=<RsubBackward1>)"
Memphis Grizzlies,San Antonio Spurs,"tensor([0.9971], grad_fn=<RsubBackward1>)"
Minnesota Timberwolves,Miami Heat,"tensor([0.9970], grad_fn=<RsubBackward1>)"
New Orleans Pelicans,Phoenix Suns,"tensor([0.9970], grad_fn=<RsubBackward1>)"
New York Knicks,Los Angeles Lakers,"tensor([0.9971], grad_fn=<RsubBackward1>)"
Sacramento Kings,Chicago Bulls,"tensor([0.9970], grad_fn=<RsubBackward1>)"
Toronto Raptors,Los Angeles Clippers,"tensor([0.9971], grad_fn=<RsubBackward1>)"
Washington Wizards,Cleveland Cavaliers,"tensor([0.9970], grad_fn=<RsubBackward1>)"
Charlotte Hornets,Brooklyn Nets,"tensor([0.9971], grad_fn=<RsubBackward1>)"
Dallas Mavericks,Portland Trail Blazers,"tensor([0.9971], grad_fn=<RsubBackward1>)"
Houston Rockets,Orlando Magic,"tensor([0.9971], grad_fn=<RsubBackward1>)"
Atlanta Hawks,Denver Nuggets,"tensor([0.9972], grad_fn=<RsubBackward1>)"
Brooklyn Nets,Washington Wizards,"tensor([0.9971], grad_fn=<RsubBackward1>)"
Detroit Pistons,Los Angeles Lakers,"tensor([0.9971], grad_fn=<RsubBackward1>)"
Golden State Warriors,Chicago Bulls,"tensor([0.9971], grad_fn=<RsubBackward1>)"
Indiana Pacers,Cleveland Cavaliers,"tensor([0.9970], grad_fn=<RsubBackward1>)"
Memphis Grizzlies,Phoenix Suns,"tensor([0.9970], grad_fn=<RsubBackward1>)"
Milwaukee Bucks,Miami Heat,"tensor([0.9970], grad_fn=<RsubBackward1>)"
Minnesota Timberwolves,Toronto Raptors,"tensor([0.9969], grad_fn=<RsubBackward1>)"
New Orleans Pelicans,Utah Jazz,"tensor([0.9968], grad_fn=<RsubBackward1>)"
New York Knicks,Los Angeles Clippers,"tensor([0.9969], grad_fn=<RsubBackward1>)"
Philadelphia 76ers,San Antonio Spurs,"tensor([0.9969], grad_fn=<RsubBackward1>)"
Sacramento Kings,Boston Celtics,"tensor([0.9970], grad_fn=<RsubBackward1>)"
Charlotte Hornets,Houston Rockets,"tensor([0.9970], grad_fn=<RsubBackward1>)"
Dallas Mavericks,Utah Jazz,"tensor([0.9970], grad_fn=<RsubBackward1>)"
Oklahoma City Thunder,Cleveland Cavaliers,"tensor([0.9971], grad_fn=<RsubBackward1>)"
Orlando Magic,Philadelphia 76ers,"tensor([0.9971], grad_fn=<RsubBackward1>)"
Portland Trail Blazers,Boston Celtics,"tensor([0.9971], grad_fn=<RsubBackward1>)"
Brooklyn Nets,Miami Heat,"tensor([0.9971], grad_fn=<RsubBackward1>)"
Detroit Pistons,San Antonio Spurs,"tensor([0.9970], grad_fn=<RsubBackward1>)"
Memphis Grizzlies,Golden State Warriors,"tensor([0.9970], grad_fn=<RsubBackward1>)"
Milwaukee Bucks,Los Angeles Lakers,"tensor([0.9970], grad_fn=<RsubBackward1>)"
Minnesota Timberwolves,New Orleans Pelicans,"tensor([0.9969], grad_fn=<RsubBackward1>)"
New York Knicks,Denver Nuggets,"tensor([0.9969], grad_fn=<RsubBackward1>)"
Phoenix Suns,Chicago Bulls,"tensor([0.9968], grad_fn=<RsubBackward1>)"
Sacramento Kings,Atlanta Hawks,"tensor([0.9969], grad_fn=<RsubBackward1>)"
Washington Wizards,Indiana Pacers,"tensor([0.9970], grad_fn=<RsubBackward1>)"
Charlotte Hornets,Los Angeles Clippers,"tensor([0.9970], grad_fn=<RsubBackward1>)"
Cleveland Cavaliers,Denver Nuggets,"tensor([0.9970], grad_fn=<RsubBackward1>)"
Dallas Mavericks,Orlando Magic,"tensor([0.9971], grad_fn=<RsubBackward1>)"
Houston Rockets,Phoenix Suns,"tensor([0.9971], grad_fn=<RsubBackward1>)"
Indiana Pacers,Milwaukee Bucks,"tensor([0.9971], grad_fn=<RsubBackward1>)"
Oklahoma City Thunder,Golden State Warriors,"tensor([0.9972], grad_fn=<RsubBackward1>)"
Philadelphia 76ers,Miami Heat,"tensor([0.9971], grad_fn=<RsubBackward1>)"
Utah Jazz,Boston Celtics,"tensor([0.9971], grad_fn=<RsubBackward1>)"
Minnesota Timberwolves,Chicago Bulls,"tensor([0.9970], grad_fn=<RsubBackward1>)"
New York Knicks,San Antonio Spurs,"tensor([0.9970], grad_fn=<RsubBackward1>)"
Sacramento Kings,New Orleans Pelicans,"tensor([0.9970], grad_fn=<RsubBackward1>)"
Toronto Raptors,Detroit Pistons,"tensor([0.9971], grad_fn=<RsubBackward1>)"
Brooklyn Nets,Memphis Grizzlies,"tensor([0.9971], grad_fn=<RsubBackward1>)"
Charlotte Hornets,Philadelphia 76ers,"tensor([0.9971], grad_fn=<RsubBackward1>)"
Dallas Mavericks,Boston Celtics,"tensor([0.9972], grad_fn=<RsubBackward1>)"
Denver Nuggets,Golden State Warriors,"tensor([0.9971], grad_fn=<RsubBackward1>)"
Indiana Pacers,San Antonio Spurs,"tensor([0.9971], grad_fn=<RsubBackward1>)"
Miami Heat,Orlando Magic,"tensor([0.9971], grad_fn=<RsubBackward1>)"
Milwaukee Bucks,Detroit Pistons,"tensor([0.9971], grad_fn=<RsubBackward1>)"
Phoenix Suns,New Orleans Pelicans,"tensor([0.9972], grad_fn=<RsubBackward1>)"
Portland Trail Blazers,Atlanta Hawks,"tensor([0.9972], grad_fn=<RsubBackward1>)"
Utah Jazz,Los Angeles Clippers,"tensor([0.9972], grad_fn=<RsubBackward1>)"
Washington Wizards,Oklahoma City Thunder,"tensor([0.9972], grad_fn=<RsubBackward1>)"
Chicago Bulls,Toronto Raptors,"tensor([0.9972], grad_fn=<RsubBackward1>)"
Los Angeles Lakers,Sacramento Kings,"tensor([0.9972], grad_fn=<RsubBackward1>)"
Minnesota Timberwolves,Cleveland Cavaliers,"tensor([0.9971], grad_fn=<RsubBackward1>)"
Boston Celtics,Philadelphia 76ers,"tensor([0.9971], grad_fn=<RsubBackward1>)"
Brooklyn Nets,Milwaukee Bucks,"tensor([0.9971], grad_fn=<RsubBackward1>)"
Cleveland Cavaliers,Indiana Pacers,"tensor([0.9971], grad_fn=<RsubBackward1>)"
Denver Nuggets,Minnesota Timberwolves,"tensor([0.9971], grad_fn=<RsubBackward1>)"
Detroit Pistons,Dallas Mavericks,"tensor([0.9971], grad_fn=<RsubBackward1>)"
Golden State Warriors,Sacramento Kings,"tensor([0.9971], grad_fn=<RsubBackward1>)"
Houston Rockets,Miami Heat,"tensor([0.9971], grad_fn=<RsubBackward1>)"
Los Angeles Clippers,Atlanta Hawks,"tensor([0.9971], grad_fn=<RsubBackward1>)"
Memphis Grizzlies,New Orleans Pelicans,"tensor([0.9972], grad_fn=<RsubBackward1>)"
Oklahoma City Thunder,New York Knicks,"tensor([0.9972], grad_fn=<RsubBackward1>)"
Orlando Magic,San Antonio Spurs,"tensor([0.9972], grad_fn=<RsubBackward1>)"
Phoenix Suns,Los Angeles Lakers,"tensor([0.9971], grad_fn=<RsubBackward1>)"
Toronto Raptors,Charlotte Hornets,"tensor([0.9972], grad_fn=<RsubBackward1>)"
Utah Jazz,Portland Trail Blazers,"tensor([0.9972], grad_fn=<RsubBackward1>)"
Chicago Bulls,Boston Celtics,"tensor([0.9972], grad_fn=<RsubBackward1>)"
Indiana Pacers,Washington Wizards,"tensor([0.9972], grad_fn=<RsubBackward1>)"
Cleveland Cavaliers,New York Knicks,"tensor([0.9972], grad_fn=<RsubBackward1>)"
Detroit Pistons,Charlotte Hornets,"tensor([0.9972], grad_fn=<RsubBackward1>)"
Golden State Warriors,Los Angeles Clippers,"tensor([0.9972], grad_fn=<RsubBackward1>)"
New Orleans Pelicans,Houston Rockets,"tensor([0.9972], grad_fn=<RsubBackward1>)"
Orlando Magic,Portland Trail Blazers,"tensor([0.9971], grad_fn=<RsubBackward1>)"
Sacramento Kings,Denver Nuggets,"tensor([0.9971], grad_fn=<RsubBackward1>)"
Atlanta Hawks,Miami Heat,"tensor([0.9971], grad_fn=<RsubBackward1>)"
Chicago Bulls,Phoenix Suns,"tensor([0.9970], grad_fn=<RsubBackward1>)"
Denver Nuggets,Brooklyn Nets,"tensor([0.9970], grad_fn=<RsubBackward1>)"
Indiana Pacers,Memphis Grizzlies,"tensor([0.9971], grad_fn=<RsubBackward1>)"
Los Angeles Clippers,San Antonio Spurs,"tensor([0.9971], grad_fn=<RsubBackward1>)"
Milwaukee Bucks,Utah Jazz,"tensor([0.9970], grad_fn=<RsubBackward1>)"
Minnesota Timberwolves,Dallas Mavericks,"tensor([0.9969], grad_fn=<RsubBackward1>)"
Oklahoma City Thunder,Los Angeles Lakers,"tensor([0.9969], grad_fn=<RsubBackward1>)"
Philadelphia 76ers,Washington Wizards,"tensor([0.9969], grad_fn=<RsubBackward1>)"
Toronto Raptors,Boston Celtics,"tensor([0.9970], grad_fn=<RsubBackward1>)"
Cleveland Cavaliers,Chicago Bulls,"tensor([0.9970], grad_fn=<RsubBackward1>)"
Dallas Mavericks,New Orleans Pelicans,"tensor([0.9971], grad_fn=<RsubBackward1>)"
Golden State Warriors,Brooklyn Nets,"tensor([0.9971], grad_fn=<RsubBackward1>)"
Houston Rockets,Minnesota Timberwolves,"tensor([0.9971], grad_fn=<RsubBackward1>)"
Miami Heat,Indiana Pacers,"tensor([0.9971], grad_fn=<RsubBackward1>)"
New York Knicks,Philadelphia 76ers,"tensor([0.9971], grad_fn=<RsubBackward1>)"
Orlando Magic,Atlanta Hawks,"tensor([0.9971], grad_fn=<RsubBackward1>)"
Sacramento Kings,Charlotte Hornets,"tensor([0.9971], grad_fn=<RsubBackward1>)"
Denver Nuggets,Memphis Grizzlies,"tensor([0.9971], grad_fn=<RsubBackward1>)"
Detroit Pistons,Boston Celtics,"tensor([0.9971], grad_fn=<RsubBackward1>)"
Los Angeles Clippers,Charlotte Hornets,"tensor([0.9971], grad_fn=<RsubBackward1>)"
Los Angeles Lakers,San Antonio Spurs,"tensor([0.9971], grad_fn=<RsubBackward1>)"
Milwaukee Bucks,Phoenix Suns,"tensor([0.9971], grad_fn=<RsubBackward1>)"
Oklahoma City Thunder,New Orleans Pelicans,"tensor([0.9971], grad_fn=<RsubBackward1>)"
Toronto Raptors,Portland Trail Blazers,"tensor([0.9972], grad_fn=<RsubBackward1>)"
Washington Wizards,Utah Jazz,"tensor([0.9972], grad_fn=<RsubBackward1>)"
Boston Celtics,Atlanta Hawks,"tensor([0.9972], grad_fn=<RsubBackward1>)"
Cleveland Cavaliers,Milwaukee Bucks,"tensor([0.9971], grad_fn=<RsubBackward1>)"
Dallas Mavericks,Miami Heat,"tensor([0.9971], grad_fn=<RsubBackward1>)"
Houston Rockets,Indiana Pacers,"tensor([0.9971], grad_fn=<RsubBackward1>)"
New York Knicks,Toronto Raptors,"tensor([0.9972], grad_fn=<RsubBackward1>)"
Philadelphia 76ers,Golden State Warriors,"tensor([0.9971], grad_fn=<RsubBackward1>)"
Sacramento Kings,Minnesota Timberwolves,"tensor([0.9971], grad_fn=<RsubBackward1>)"
Chicago Bulls,Denver Nuggets,"tensor([0.9970], grad_fn=<RsubBackward1>)"
Detroit Pistons,Portland Trail Blazers,"tensor([0.9970], grad_fn=<RsubBackward1>)"
Los Angeles Lakers,Charlotte Hornets,"tensor([0.9970], grad_fn=<RsubBackward1>)"
Memphis Grizzlies,Phoenix Suns,"tensor([0.9971], grad_fn=<RsubBackward1>)"
Oklahoma City Thunder,Utah Jazz,"tensor([0.9971], grad_fn=<RsubBackward1>)"
Washington Wizards,Golden State Warriors,"tensor([0.9971], grad_fn=<RsubBackward1>)"
Atlanta Hawks,Dallas Mavericks,"tensor([0.9970], grad_fn=<RsubBackward1>)"
Boston Celtics,Cleveland Cavaliers,"tensor([0.9970], grad_fn=<RsubBackward1>)"
Los Angeles Clippers,Houston Rockets,"tensor([0.9971], grad_fn=<RsubBackward1>)"
Miami Heat,Philadelphia 76ers,"tensor([0.9971], grad_fn=<RsubBackward1>)"
Milwaukee Bucks,Denver Nuggets,"tensor([0.9971], grad_fn=<RsubBackward1>)"
New Orleans Pelicans,Detroit Pistons,"tensor([0.9971], grad_fn=<RsubBackward1>)"
Orlando Magic,New York Knicks,"tensor([0.9971], grad_fn=<RsubBackward1>)"
Sacramento Kings,Brooklyn Nets,"tensor([0.9972], grad_fn=<RsubBackward1>)"
San Antonio Spurs,Indiana Pacers,"tensor([0.9972], grad_fn=<RsubBackward1>)"
Toronto Raptors,Washington Wizards,"tensor([0.9972], grad_fn=<RsubBackward1>)"
Utah Jazz,Minnesota Timberwolves,"tensor([0.9971], grad_fn=<RsubBackward1>)"
Chicago Bulls,Golden State Warriors,"tensor([0.9972], grad_fn=<RsubBackward1>)"
Phoenix Suns,Charlotte Hornets,"tensor([0.9972], grad_fn=<RsubBackward1>)"
Portland Trail Blazers,Oklahoma City Thunder,"tensor([0.9972], grad_fn=<RsubBackward1>)"
Atlanta Hawks,Cleveland Cavaliers,"tensor([0.9971], grad_fn=<RsubBackward1>)"
Dallas Mavericks,Memphis Grizzlies,"tensor([0.9971], grad_fn=<RsubBackward1>)"
Los Angeles Lakers,Boston Celtics,"tensor([0.9972], grad_fn=<RsubBackward1>)"
Milwaukee Bucks,Los Angeles Clippers,"tensor([0.9971], grad_fn=<RsubBackward1>)"
New Orleans Pelicans,San Antonio Spurs,"tensor([0.9971], grad_fn=<RsubBackward1>)"
Orlando Magic,Miami Heat,"tensor([0.9971], grad_fn=<RsubBackward1>)"
Philadelphia 76ers,New York Knicks,"tensor([0.9970], grad_fn=<RsubBackward1>)"
Phoenix Suns,Oklahoma City Thunder,"tensor([0.9970], grad_fn=<RsubBackward1>)"
Utah Jazz,Brooklyn Nets,"tensor([0.9970], grad_fn=<RsubBackward1>)"
Washington Wizards,Toronto Raptors,"tensor([0.9970], grad_fn=<RsubBackward1>)"
Chicago Bulls,Los Angeles Clippers,"tensor([0.9971], grad_fn=<RsubBackward1>)"
Denver Nuggets,Charlotte Hornets,"tensor([0.9970], grad_fn=<RsubBackward1>)"
Houston Rockets,Memphis Grizzlies,"tensor([0.9971], grad_fn=<RsubBackward1>)"
Miami Heat,Cleveland Cavaliers,"tensor([0.9971], grad_fn=<RsubBackward1>)"
Milwaukee Bucks,Toronto Raptors,"tensor([0.9970], grad_fn=<RsubBackward1>)"
Philadelphia 76ers,Detroit Pistons,"tensor([0.9970], grad_fn=<RsubBackward1>)"
Portland Trail Blazers,Brooklyn Nets,"tensor([0.9970], grad_fn=<RsubBackward1>)"
San Antonio Spurs,Minnesota Timberwolves,"tensor([0.9970], grad_fn=<RsubBackward1>)"
Atlanta Hawks,Indiana Pacers,"tensor([0.9970], grad_fn=<RsubBackward1>)"
Dallas Mavericks,Oklahoma City Thunder,"tensor([0.9971], grad_fn=<RsubBackward1>)"
Los Angeles Lakers,New Orleans Pelicans,"tensor([0.9971], grad_fn=<RsubBackward1>)"
New York Knicks,Golden State Warriors,"tensor([0.9972], grad_fn=<RsubBackward1>)"
Phoenix Suns,Boston Celtics,"tensor([0.9972], grad_fn=<RsubBackward1>)"
Sacramento Kings,Utah Jazz,"tensor([0.9971], grad_fn=<RsubBackward1>)"
Washington Wizards,Orlando Magic,"tensor([0.9972], grad_fn=<RsubBackward1>)"
Atlanta Hawks,Golden State Warriors,"tensor([0.9971], grad_fn=<RsubBackward1>)"
Charlotte Hornets,Indiana Pacers,"tensor([0.9971], grad_fn=<RsubBackward1>)"
Cleveland Cavaliers,Miami Heat,"tensor([0.9971], grad_fn=<RsubBackward1>)"
Denver Nuggets,Sacramento Kings,"tensor([0.9971], grad_fn=<RsubBackward1>)"
Detroit Pistons,Chicago Bulls,"tensor([0.9970], grad_fn=<RsubBackward1>)"
Los Angeles Clippers,Boston Celtics,"tensor([0.9970], grad_fn=<RsubBackward1>)"
Memphis Grizzlies,Brooklyn Nets,"tensor([0.9971], grad_fn=<RsubBackward1>)"
Orlando Magic,New York Knicks,"tensor([0.9971], grad_fn=<RsubBackward1>)"
Philadelphia 76ers,Milwaukee Bucks,"tensor([0.9971], grad_fn=<RsubBackward1>)"
San Antonio Spurs,Houston Rockets,"tensor([0.9971], grad_fn=<RsubBackward1>)"
Utah Jazz,New Orleans Pelicans,"tensor([0.9972], grad_fn=<RsubBackward1>)"
Dallas Mavericks,Los Angeles Lakers,"tensor([0.9972], grad_fn=<RsubBackward1>)"
Oklahoma City Thunder,Portland Trail Blazers,"tensor([0.9972], grad_fn=<RsubBackward1>)"
Phoenix Suns,Washington Wizards,"tensor([0.9972], grad_fn=<RsubBackward1>)"
Atlanta Hawks,Brooklyn Nets,"tensor([0.9972], grad_fn=<RsubBackward1>)"
Denver Nuggets,Washington Wizards,"tensor([0.9971], grad_fn=<RsubBackward1>)"
Golden State Warriors,Boston Celtics,"tensor([0.9971], grad_fn=<RsubBackward1>)"
Houston Rockets,Utah Jazz,"tensor([0.9971], grad_fn=<RsubBackward1>)"
Indiana Pacers,Detroit Pistons,"tensor([0.9971], grad_fn=<RsubBackward1>)"
Miami Heat,Charlotte Hornets,"tensor([0.9972], grad_fn=<RsubBackward1>)"
Milwaukee Bucks,New York Knicks,"tensor([0.9971], grad_fn=<RsubBackward1>)"
Minnesota Timberwolves,Los Angeles Clippers,"tensor([0.9970], grad_fn=<RsubBackward1>)"
New Orleans Pelicans,Toronto Raptors,"tensor([0.9969], grad_fn=<RsubBackward1>)"
Orlando Magic,Chicago Bulls,"tensor([0.9969], grad_fn=<RsubBackward1>)"
San Antonio Spurs,Sacramento Kings,"tensor([0.9969], grad_fn=<RsubBackward1>)"
Detroit Pistons,Cleveland Cavaliers,"tensor([0.9969], grad_fn=<RsubBackward1>)"
Memphis Grizzlies,Los Angeles Clippers,"tensor([0.9969], grad_fn=<RsubBackward1>)"
Oklahoma City Thunder,San Antonio Spurs,"tensor([0.9970], grad_fn=<RsubBackward1>)"
Phoenix Suns,Los Angeles Lakers,"tensor([0.9970], grad_fn=<RsubBackward1>)"
Portland Trail Blazers,Philadelphia 76ers,"tensor([0.9970], grad_fn=<RsubBackward1>)"
Atlanta Hawks,Toronto Raptors,"tensor([0.9970], grad_fn=<RsubBackward1>)"
Chicago Bulls,Houston Rockets,"tensor([0.9970], grad_fn=<RsubBackward1>)"
Charlotte Hornets,Orlando Magic,"tensor([0.9971], grad_fn=<RsubBackward1>)"
Dallas Mavericks,Brooklyn Nets,"tensor([0.9970], grad_fn=<RsubBackward1>)"
Denver Nuggets,Boston Celtics,"tensor([0.9970], grad_fn=<RsubBackward1>)"
Milwaukee Bucks,Indiana Pacers,"tensor([0.9969], grad_fn=<RsubBackward1>)"
Minnesota Timberwolves,Golden State Warriors,"tensor([0.9969], grad_fn=<RsubBackward1>)"
Sacramento Kings,Washington Wizards,"tensor([0.9969], grad_fn=<RsubBackward1>)"
Charlotte Hornets,New Orleans Pelicans,"tensor([0.9970], grad_fn=<RsubBackward1>)"
Dallas Mavericks,Phoenix Suns,"tensor([0.9971], grad_fn=<RsubBackward1>)"
Detroit Pistons,New York Knicks,"tensor([0.9970], grad_fn=<RsubBackward1>)"
Los Angeles Clippers,Philadelphia 76ers,"tensor([0.9970], grad_fn=<RsubBackward1>)"
Memphis Grizzlies,Atlanta Hawks,"tensor([0.9971], grad_fn=<RsubBackward1>)"
Miami Heat,Toronto Raptors,"tensor([0.9971], grad_fn=<RsubBackward1>)"
Milwaukee Bucks,Minnesota Timberwolves,"tensor([0.9971], grad_fn=<RsubBackward1>)"
Oklahoma City Thunder,Utah Jazz,"tensor([0.9971], grad_fn=<RsubBackward1>)"
Orlando Magic,Cleveland Cavaliers,"tensor([0.9971], grad_fn=<RsubBackward1>)"
Portland Trail Blazers,Washington Wizards,"tensor([0.9971], grad_fn=<RsubBackward1>)"
Sacramento Kings,Denver Nuggets,"tensor([0.9971], grad_fn=<RsubBackward1>)"
San Antonio Spurs,Golden State Warriors,"tensor([0.9971], grad_fn=<RsubBackward1>)"
Boston Celtics,Chicago Bulls,"tensor([0.9970], grad_fn=<RsubBackward1>)"
Brooklyn Nets,New York Knicks,"tensor([0.9970], grad_fn=<RsubBackward1>)"
Houston Rockets,Cleveland Cavaliers,"tensor([0.9969], grad_fn=<RsubBackward1>)"
Indiana Pacers,Miami Heat,"tensor([0.9969], grad_fn=<RsubBackward1>)"
Los Angeles Lakers,Philadelphia 76ers,"tensor([0.9969], grad_fn=<RsubBackward1>)"
Phoenix Suns,Portland Trail Blazers,"tensor([0.9969], grad_fn=<RsubBackward1>)"
Charlotte Hornets,Chicago Bulls,"tensor([0.9969], grad_fn=<RsubBackward1>)"
Denver Nuggets,Los Angeles Lakers,"tensor([0.9969], grad_fn=<RsubBackward1>)"
Memphis Grizzlies,Milwaukee Bucks,"tensor([0.9969], grad_fn=<RsubBackward1>)"
Minnesota Timberwolves,Washington Wizards,"tensor([0.9969], grad_fn=<RsubBackward1>)"
Sacramento Kings,Orlando Magic,"tensor([0.9970], grad_fn=<RsubBackward1>)"
San Antonio Spurs,Atlanta Hawks,"tensor([0.9970], grad_fn=<RsubBackward1>)"
Toronto Raptors,Dallas Mavericks,"tensor([0.9971], grad_fn=<RsubBackward1>)"
Utah Jazz,Los Angeles Clippers,"tensor([0.9971], grad_fn=<RsubBackward1>)"
Brooklyn Nets,Oklahoma City Thunder,"tensor([0.9971], grad_fn=<RsubBackward1>)"
Cleveland Cavaliers,Detroit Pistons,"tensor([0.9970], grad_fn=<RsubBackward1>)"
Golden State Warriors,Philadelphia 76ers,"tensor([0.9970], grad_fn=<RsubBackward1>)"
New Orleans Pelicans,Portland Trail Blazers,"tensor([0.9970], grad_fn=<RsubBackward1>)"
New York Knicks,Indiana Pacers,"tensor([0.9971], grad_fn=<RsubBackward1>)"
Boston Celtics,Minnesota Timberwolves,"tensor([0.9971], grad_fn=<RsubBackward1>)"
Chicago Bulls,Memphis Grizzlies,"tensor([0.9970], grad_fn=<RsubBackward1>)"
Detroit Pistons,Utah Jazz,"tensor([0.9970], grad_fn=<RsubBackward1>)"
Houston Rockets,Los Angeles Lakers,"tensor([0.9970], grad_fn=<RsubBackward1>)"
Indiana Pacers,Charlotte Hornets,"tensor([0.9971], grad_fn=<RsubBackward1>)"
Los Angeles Clippers,Milwaukee Bucks,"tensor([0.9970], grad_fn=<RsubBackward1>)"
Miami Heat,New Orleans Pelicans,"tensor([0.9971], grad_fn=<RsubBackward1>)"
Phoenix Suns,Sacramento Kings,"tensor([0.9971], grad_fn=<RsubBackward1>)"
San Antonio Spurs,Portland Trail Blazers,"tensor([0.9971], grad_fn=<RsubBackward1>)"
Washington Wizards,Dallas Mavericks,"tensor([0.9971], grad_fn=<RsubBackward1>)"
Atlanta Hawks,Memphis Grizzlies,"tensor([0.9971], grad_fn=<RsubBackward1>)"
Cleveland Cavaliers,Utah Jazz,"tensor([0.9971], grad_fn=<RsubBackward1>)"
Denver Nuggets,Los Angeles Clippers,"tensor([0.9971], grad_fn=<RsubBackward1>)"
Golden State Warriors,Orlando Magic,"tensor([0.9971], grad_fn=<RsubBackward1>)"
New York Knicks,Brooklyn Nets,"tensor([0.9971], grad_fn=<RsubBackward1>)"
Toronto Raptors,Oklahoma City Thunder,"tensor([0.9971], grad_fn=<RsubBackward1>)"
Brooklyn Nets,Boston Celtics,"tensor([0.9971], grad_fn=<RsubBackward1>)"
Detroit Pistons,Toronto Raptors,"tensor([0.9970], grad_fn=<RsubBackward1>)"
Los Angeles Lakers,Milwaukee Bucks,"tensor([0.9970], grad_fn=<RsubBackward1>)"
Miami Heat,Minnesota Timberwolves,"tensor([0.9969], grad_fn=<RsubBackward1>)"
New Orleans Pelicans,Houston Rockets,"tensor([0.9970], grad_fn=<RsubBackward1>)"
Philadelphia 76ers,Dallas Mavericks,"tensor([0.9969], grad_fn=<RsubBackward1>)"
Phoenix Suns,Orlando Magic,"tensor([0.9969], grad_fn=<RsubBackward1>)"
Washington Wizards,Chicago Bulls,"tensor([0.9969], grad_fn=<RsubBackward1>)"
Atlanta Hawks,Portland Trail Blazers,"tensor([0.9969], grad_fn=<RsubBackward1>)"
Chicago Bulls,Utah Jazz,"tensor([0.9970], grad_fn=<RsubBackward1>)"
Charlotte Hornets,Washington Wizards,"tensor([0.9970], grad_fn=<RsubBackward1>)"
Denver Nuggets,Houston Rockets,"tensor([0.9970], grad_fn=<RsubBackward1>)"
Golden State Warriors,Milwaukee Bucks,"tensor([0.9970], grad_fn=<RsubBackward1>)"
Los Angeles Clippers,Cleveland Cavaliers,"tensor([0.9970], grad_fn=<RsubBackward1>)"
Memphis Grizzlies,San Antonio Spurs,"tensor([0.9970], grad_fn=<RsubBackward1>)"
Oklahoma City Thunder,Sacramento Kings,"tensor([0.9971], grad_fn=<RsubBackward1>)"
Brooklyn Nets,Dallas Mavericks,"tensor([0.9970], grad_fn=<RsubBackward1>)"
Detroit Pistons,Phoenix Suns,"tensor([0.9970], grad_fn=<RsubBackward1>)"
Los Angeles Lakers,Cleveland Cavaliers,"tensor([0.9970], grad_fn=<RsubBackward1>)"
Miami Heat,Portland Trail Blazers,"tensor([0.9971], grad_fn=<RsubBackward1>)"
New Orleans Pelicans,Minnesota Timberwolves,"tensor([0.9971], grad_fn=<RsubBackward1>)"
Philadelphia 76ers,Boston Celtics,"tensor([0.9971], grad_fn=<RsubBackward1>)"
San Antonio Spurs,Sacramento Kings,"tensor([0.9971], grad_fn=<RsubBackward1>)"
Toronto Raptors,Indiana Pacers,"tensor([0.9971], grad_fn=<RsubBackward1>)"
Boston Celtics,Washington Wizards,"tensor([0.9972], grad_fn=<RsubBackward1>)"
Charlotte Hornets,Atlanta Hawks,"tensor([0.9972], grad_fn=<RsubBackward1>)"
Houston Rockets,Denver Nuggets,"tensor([0.9972], grad_fn=<RsubBackward1>)"
Indiana Pacers,Utah Jazz,"tensor([0.9971], grad_fn=<RsubBackward1>)"
Los Angeles Clippers,New York Knicks,"tensor([0.9971], grad_fn=<RsubBackward1>)"
Oklahoma City Thunder,Golden State Warriors,"tensor([0.9971], grad_fn=<RsubBackward1>)"
Orlando Magic,Philadelphia 76ers,"tensor([0.9972], grad_fn=<RsubBackward1>)"
Brooklyn Nets,Detroit Pistons,"tensor([0.9972], grad_fn=<RsubBackward1>)"
Dallas Mavericks,Golden State Warriors,"tensor([0.9972], grad_fn=<RsubBackward1>)"
Los Angeles Lakers,Los Angeles Clippers,"tensor([0.9972], grad_fn=<RsubBackward1>)"
Miami Heat,Phoenix Suns,"tensor([0.9972], grad_fn=<RsubBackward1>)"
Minnesota Timberwolves,San Antonio Spurs,"tensor([0.9971], grad_fn=<RsubBackward1>)"
New Orleans Pelicans,Memphis Grizzlies,"tensor([0.9971], grad_fn=<RsubBackward1>)"
Portland Trail Blazers,Milwaukee Bucks,"tensor([0.9971], grad_fn=<RsubBackward1>)"
Toronto Raptors,Chicago Bulls,"tensor([0.9971], grad_fn=<RsubBackward1>)"
Boston Celtics,Indiana Pacers,"tensor([0.9971], grad_fn=<RsubBackward1>)"
Chicago Bulls,Detroit Pistons,"tensor([0.9971], grad_fn=<RsubBackward1>)"
Denver Nuggets,Cleveland Cavaliers,"tensor([0.9970], grad_fn=<RsubBackward1>)"
Oklahoma City Thunder,Philadelphia 76ers,"tensor([0.9970], grad_fn=<RsubBackward1>)"
Orlando Magic,Charlotte Hornets,"tensor([0.9970], grad_fn=<RsubBackward1>)"
Sacramento Kings,Milwaukee Bucks,"tensor([0.9971], grad_fn=<RsubBackward1>)"
Utah Jazz,New York Knicks,"tensor([0.9971], grad_fn=<RsubBackward1>)"
Washington Wizards,Atlanta Hawks,"tensor([0.9971], grad_fn=<RsubBackward1>)"
Brooklyn Nets,Phoenix Suns,"tensor([0.9971], grad_fn=<RsubBackward1>)"
Dallas Mavericks,Los Angeles Clippers,"tensor([0.9972], grad_fn=<RsubBackward1>)"
Miami Heat,Toronto Raptors,"tensor([0.9972], grad_fn=<RsubBackward1>)"
Portland Trail Blazers,New York Knicks,"tensor([0.9972], grad_fn=<RsubBackward1>)"
San Antonio Spurs,Memphis Grizzlies,"tensor([0.9972], grad_fn=<RsubBackward1>)"
Boston Celtics,Phoenix Suns,"tensor([0.9972], grad_fn=<RsubBackward1>)"
Chicago Bulls,Philadelphia 76ers,"tensor([0.9971], grad_fn=<RsubBackward1>)"
Charlotte Hornets,Cleveland Cavaliers,"tensor([0.9971], grad_fn=<RsubBackward1>)"
Golden State Warriors,Sacramento Kings,"tensor([0.9971], grad_fn=<RsubBackward1>)"
Houston Rockets,New Orleans Pelicans,"tensor([0.9971], grad_fn=<RsubBackward1>)"
Indiana Pacers,Denver Nuggets,"tensor([0.9971], grad_fn=<RsubBackward1>)"
Los Angeles Lakers,Minnesota Timberwolves,"tensor([0.9971], grad_fn=<RsubBackward1>)"
Milwaukee Bucks,Atlanta Hawks,"tensor([0.9971], grad_fn=<RsubBackward1>)"
Orlando Magic,Detroit Pistons,"tensor([0.9971], grad_fn=<RsubBackward1>)"
Washington Wizards,Brooklyn Nets,"tensor([0.9971], grad_fn=<RsubBackward1>)"
Cleveland Cavaliers,Washington Wizards,"tensor([0.9972], grad_fn=<RsubBackward1>)"
Dallas Mavericks,Toronto Raptors,"tensor([0.9972], grad_fn=<RsubBackward1>)"
Los Angeles Clippers,Utah Jazz,"tensor([0.9972], grad_fn=<RsubBackward1>)"
Portland Trail Blazers,Minnesota Timberwolves,"tensor([0.9971], grad_fn=<RsubBackward1>)"
San Antonio Spurs,New York Knicks,"tensor([0.9971], grad_fn=<RsubBackward1>)"
Atlanta Hawks,Brooklyn Nets,"tensor([0.9971], grad_fn=<RsubBackward1>)"
Boston Celtics,Miami Heat,"tensor([0.9971], grad_fn=<RsubBackward1>)"
Charlotte Hornets,Phoenix Suns,"tensor([0.9972], grad_fn=<RsubBackward1>)"
Denver Nuggets,New Orleans Pelicans,"tensor([0.9971], grad_fn=<RsubBackward1>)"
Golden State Warriors,Memphis Grizzlies,"tensor([0.9971], grad_fn=<RsubBackward1>)"
Houston Rockets,Oklahoma City Thunder,"tensor([0.9971], grad_fn=<RsubBackward1>)"
Indiana Pacers,Philadelphia 76ers,"tensor([0.9972], grad_fn=<RsubBackward1>)"
Los Angeles Clippers,Sacramento Kings,"tensor([0.9972], grad_fn=<RsubBackward1>)"
Los Angeles Lakers,Portland Trail Blazers,"tensor([0.9972], grad_fn=<RsubBackward1>)"
Milwaukee Bucks,Chicago Bulls,"tensor([0.9971], grad_fn=<RsubBackward1>)"
Dallas Mavericks,Oklahoma City Thunder,"tensor([0.9971], grad_fn=<RsubBackward1>)"
New York Knicks,Detroit Pistons,"tensor([0.9971], grad_fn=<RsubBackward1>)"
Sacramento Kings,Memphis Grizzlies,"tensor([0.9971], grad_fn=<RsubBackward1>)"
San Antonio Spurs,Cleveland Cavaliers,"tensor([0.9971], grad_fn=<RsubBackward1>)"
Toronto Raptors,Orlando Magic,"tensor([0.9972], grad_fn=<RsubBackward1>)"
Utah Jazz,New Orleans Pelicans,"tensor([0.9972], grad_fn=<RsubBackward1>)"
Atlanta Hawks,Phoenix Suns,"tensor([0.9972], grad_fn=<RsubBackward1>)"
Brooklyn Nets,Philadelphia 76ers,"tensor([0.9972], grad_fn=<RsubBackward1>)"
Charlotte Hornets,Milwaukee Bucks,"tensor([0.9972], grad_fn=<RsubBackward1>)"
Detroit Pistons,Miami Heat,"tensor([0.9971], grad_fn=<RsubBackward1>)"
Houston Rockets,Golden State Warriors,"tensor([0.9971], grad_fn=<RsubBackward1>)"
Indiana Pacers,Minnesota Timberwolves,"tensor([0.9971], grad_fn=<RsubBackward1>)"
Los Angeles Lakers,Washington Wizards,"tensor([0.9972], grad_fn=<RsubBackward1>)"
Portland Trail Blazers,Denver Nuggets,"tensor([0.9971], grad_fn=<RsubBackward1>)"
Boston Celtics,Milwaukee Bucks,"tensor([0.9971], grad_fn=<RsubBackward1>)"
Los Angeles Clippers,Washington Wizards,"tensor([0.9971], grad_fn=<RsubBackward1>)"
Memphis Grizzlies,Indiana Pacers,"tensor([0.9972], grad_fn=<RsubBackward1>)"
New Orleans Pelicans,Dallas Mavericks,"tensor([0.9971], grad_fn=<RsubBackward1>)"
New York Knicks,Miami Heat,"tensor([0.9971], grad_fn=<RsubBackward1>)"
Orlando Magic,Oklahoma City Thunder,"tensor([0.9971], grad_fn=<RsubBackward1>)"
Philadelphia 76ers,Atlanta Hawks,"tensor([0.9971], grad_fn=<RsubBackward1>)"
Sacramento Kings,Utah Jazz,"tensor([0.9971], grad_fn=<RsubBackward1>)"
San Antonio Spurs,Golden State Warriors,"tensor([0.9971], grad_fn=<RsubBackward1>)"
Toronto Raptors,Charlotte Hornets,"tensor([0.9971], grad_fn=<RsubBackward1>)"
Chicago Bulls,Cleveland Cavaliers,"tensor([0.9972], grad_fn=<RsubBackward1>)"
Detroit Pistons,Brooklyn Nets,"tensor([0.9972], grad_fn=<RsubBackward1>)"
Minnesota Timberwolves,Los Angeles Lakers,"tensor([0.9971], grad_fn=<RsubBackward1>)"
Phoenix Suns,Los Angeles Clippers,"tensor([0.9971], grad_fn=<RsubBackward1>)"
Portland Trail Blazers,Houston Rockets,"tensor([0.9971], grad_fn=<RsubBackward1>)"
Boston Celtics,Orlando Magic,"tensor([0.9971], grad_fn=<RsubBackward1>)"
Charlotte Hornets,Denver Nuggets,"tensor([0.9971], grad_fn=<RsubBackward1>)"
Cleveland Cavaliers,Philadelphia 76ers,"tensor([0.9971], grad_fn=<RsubBackward1>)"
Golden State Warriors,Houston Rockets,"tensor([0.9971], grad_fn=<RsubBackward1>)"
Memphis Grizzlies,Dallas Mavericks,"tensor([0.9970], grad_fn=<RsubBackward1>)"
Miami Heat,New York Knicks,"tensor([0.9971], grad_fn=<RsubBackward1>)"
Milwaukee Bucks,Detroit Pistons,"tensor([0.9971], grad_fn=<RsubBackward1>)"
New Orleans Pelicans,Sacramento Kings,"tensor([0.9971], grad_fn=<RsubBackward1>)"
Oklahoma City Thunder,San Antonio Spurs,"tensor([0.9971], grad_fn=<RsubBackward1>)"
Toronto Raptors,Indiana Pacers,"tensor([0.9971], grad_fn=<RsubBackward1>)"
Utah Jazz,Washington Wizards,"tensor([0.9972], grad_fn=<RsubBackward1>)"
Brooklyn Nets,Orlando Magic,"tensor([0.9971], grad_fn=<RsubBackward1>)"
Chicago Bulls,Atlanta Hawks,"tensor([0.9971], grad_fn=<RsubBackward1>)"
Los Angeles Clippers,Los Angeles Lakers,"tensor([0.9971], grad_fn=<RsubBackward1>)"
Minnesota Timberwolves,Sacramento Kings,"tensor([0.9971], grad_fn=<RsubBackward1>)"
Portland Trail Blazers,Phoenix Suns,"tensor([0.9971], grad_fn=<RsubBackward1>)"
Brooklyn Nets,Atlanta Hawks,"tensor([0.9971], grad_fn=<RsubBackward1>)"
Cleveland Cavaliers,Indiana Pacers,"tensor([0.9971], grad_fn=<RsubBackward1>)"
Golden State Warriors,Washington Wizards,"tensor([0.9971], grad_fn=<RsubBackward1>)"
Los Angeles Lakers,Memphis Grizzlies,"tensor([0.9972], grad_fn=<RsubBackward1>)"
Miami Heat,Denver Nuggets,"tensor([0.9971], grad_fn=<RsubBackward1>)"
Milwaukee Bucks,Dallas Mavericks,"tensor([0.9970], grad_fn=<RsubBackward1>)"
New Orleans Pelicans,Chicago Bulls,"tensor([0.9969], grad_fn=<RsubBackward1>)"
New York Knicks,Boston Celtics,"tensor([0.9969], grad_fn=<RsubBackward1>)"
Oklahoma City Thunder,Charlotte Hornets,"tensor([0.9970], grad_fn=<RsubBackward1>)"
Phoenix Suns,Houston Rockets,"tensor([0.9970], grad_fn=<RsubBackward1>)"
San Antonio Spurs,Utah Jazz,"tensor([0.9971], grad_fn=<RsubBackward1>)"
Toronto Raptors,Philadelphia 76ers,"tensor([0.9971], grad_fn=<RsubBackward1>)"
Cleveland Cavaliers,Orlando Magic,"tensor([0.9971], grad_fn=<RsubBackward1>)"
Golden State Warriors,Minnesota Timberwolves,"tensor([0.9971], grad_fn=<RsubBackward1>)"
Indiana Pacers,Toronto Raptors,"tensor([0.9970], grad_fn=<RsubBackward1>)"
New Orleans Pelicans,Denver Nuggets,"tensor([0.9971], grad_fn=<RsubBackward1>)"
New York Knicks,Chicago Bulls,"tensor([0.9971], grad_fn=<RsubBackward1>)"
Oklahoma City Thunder,Milwaukee Bucks,"tensor([0.9971], grad_fn=<RsubBackward1>)"
Philadelphia 76ers,Brooklyn Nets,"tensor([0.9971], grad_fn=<RsubBackward1>)"
Sacramento Kings,Dallas Mavericks,"tensor([0.9971], grad_fn=<RsubBackward1>)"
San Antonio Spurs,Memphis Grizzlies,"tensor([0.9971], grad_fn=<RsubBackward1>)"
Utah Jazz,Portland Trail Blazers,"tensor([0.9971], grad_fn=<RsubBackward1>)"
Washington Wizards,Charlotte Hornets,"tensor([0.9971], grad_fn=<RsubBackward1>)"
Boston Celtics,Cleveland Cavaliers,"tensor([0.9971], grad_fn=<RsubBackward1>)"
Charlotte Hornets,Miami Heat,"tensor([0.9971], grad_fn=<RsubBackward1>)"
Detroit Pistons,Toronto Raptors,"tensor([0.9971], grad_fn=<RsubBackward1>)"
Houston Rockets,Denver Nuggets,"tensor([0.9970], grad_fn=<RsubBackward1>)"
Los Angeles Clippers,Dallas Mavericks,"tensor([0.9970], grad_fn=<RsubBackward1>)"
Memphis Grizzlies,Oklahoma City Thunder,"tensor([0.9971], grad_fn=<RsubBackward1>)"
Phoenix Suns,Golden State Warriors,"tensor([0.9971], grad_fn=<RsubBackward1>)"
San Antonio Spurs,Los Angeles Lakers,"tensor([0.9971], grad_fn=<RsubBackward1>)"
Atlanta Hawks,Boston Celtics,"tensor([0.9971], grad_fn=<RsubBackward1>)"
Indiana Pacers,Milwaukee Bucks,"tensor([0.9971], grad_fn=<RsubBackward1>)"
New York Knicks,Washington Wizards,"tensor([0.9972], grad_fn=<RsubBackward1>)"
Orlando Magic,Brooklyn Nets,"tensor([0.9972], grad_fn=<RsubBackward1>)"
Philadelphia 76ers,Chicago Bulls,"tensor([0.9971], grad_fn=<RsubBackward1>)"
Portland Trail Blazers,Minnesota Timberwolves,"tensor([0.9970], grad_fn=<RsubBackward1>)"
Cleveland Cavaliers,Atlanta Hawks,"tensor([0.9970], grad_fn=<RsubBackward1>)"
Dallas Mavericks,San Antonio Spurs,"tensor([0.9971], grad_fn=<RsubBackward1>)"
Denver Nuggets,New Orleans Pelicans,"tensor([0.9971], grad_fn=<RsubBackward1>)"
Houston Rockets,Detroit Pistons,"tensor([0.9971], grad_fn=<RsubBackward1>)"
Los Angeles Lakers,Sacramento Kings,"tensor([0.9971], grad_fn=<RsubBackward1>)"
Memphis Grizzlies,New York Knicks,"tensor([0.9971], grad_fn=<RsubBackward1>)"
Phoenix Suns,Oklahoma City Thunder,"tensor([0.9971], grad_fn=<RsubBackward1>)"
Toronto Raptors,Miami Heat,"tensor([0.9971], grad_fn=<RsubBackward1>)"
Utah Jazz,Minnesota Timberwolves,"tensor([0.9971], grad_fn=<RsubBackward1>)"
Brooklyn Nets,Chicago Bulls,"tensor([0.9969], grad_fn=<RsubBackward1>)"
Charlotte Hornets,Boston Celtics,"tensor([0.9969], grad_fn=<RsubBackward1>)"
Golden State Warriors,New Orleans Pelicans,"tensor([0.9970], grad_fn=<RsubBackward1>)"
Orlando Magic,Indiana Pacers,"tensor([0.9971], grad_fn=<RsubBackward1>)"
Philadelphia 76ers,Milwaukee Bucks,"tensor([0.9971], grad_fn=<RsubBackward1>)"
Portland Trail Blazers,Utah Jazz,"tensor([0.9971], grad_fn=<RsubBackward1>)"
San Antonio Spurs,Los Angeles Clippers,"tensor([0.9971], grad_fn=<RsubBackward1>)"
Washington Wizards,Miami Heat,"tensor([0.9971], grad_fn=<RsubBackward1>)"
Atlanta Hawks,Cleveland Cavaliers,"tensor([0.9971], grad_fn=<RsubBackward1>)"
Denver Nuggets,Oklahoma City Thunder,"tensor([0.9970], grad_fn=<RsubBackward1>)"
Los Angeles Lakers,Minnesota Timberwolves,"tensor([0.9969], grad_fn=<RsubBackward1>)"
Memphis Grizzlies,Detroit Pistons,"tensor([0.9970], grad_fn=<RsubBackward1>)"
New York Knicks,Toronto Raptors,"tensor([0.9970], grad_fn=<RsubBackward1>)"
Phoenix Suns,Dallas Mavericks,"tensor([0.9970], grad_fn=<RsubBackward1>)"
Sacramento Kings,Houston Rockets,"tensor([0.9970], grad_fn=<RsubBackward1>)"
Boston Celtics,Brooklyn Nets,"tensor([0.9971], grad_fn=<RsubBackward1>)"
Chicago Bulls,Orlando Magic,"tensor([0.9971], grad_fn=<RsubBackward1>)"
Detroit Pistons,Washington Wizards,"tensor([0.9971], grad_fn=<RsubBackward1>)"
Golden State Warriors,Utah Jazz,"tensor([0.9971], grad_fn=<RsubBackward1>)"
Los Angeles Clippers,Houston Rockets,"tensor([0.9971], grad_fn=<RsubBackward1>)"
Miami Heat,Cleveland Cavaliers,"tensor([0.9971], grad_fn=<RsubBackward1>)"
Milwaukee Bucks,Charlotte Hornets,"tensor([0.9971], grad_fn=<RsubBackward1>)"
Philadelphia 76ers,Indiana Pacers,"tensor([0.9971], grad_fn=<RsubBackward1>)"
Portland Trail Blazers,San Antonio Spurs,"tensor([0.9971], grad_fn=<RsubBackward1>)"
Atlanta Hawks,Charlotte Hornets,"tensor([0.9971], grad_fn=<RsubBackward1>)"
Dallas Mavericks,Denver Nuggets,"tensor([0.9971], grad_fn=<RsubBackward1>)"
Los Angeles Lakers,New Orleans Pelicans,"tensor([0.9971], grad_fn=<RsubBackward1>)"
Minnesota Timberwolves,Oklahoma City Thunder,"tensor([0.9970], grad_fn=<RsubBackward1>)"
Sacramento Kings,Phoenix Suns,"tensor([0.9970], grad_fn=<RsubBackward1>)"
Boston Celtics,Milwaukee Bucks,"tensor([0.9971], grad_fn=<RsubBackward1>)"
Chicago Bulls,Brooklyn Nets,"tensor([0.9970], grad_fn=<RsubBackward1>)"
Cleveland Cavaliers,Toronto Raptors,"tensor([0.9971], grad_fn=<RsubBackward1>)"
Golden State Warriors,Los Angeles Lakers,"tensor([0.9971], grad_fn=<RsubBackward1>)"
Houston Rockets,Minnesota Timberwolves,"tensor([0.9971], grad_fn=<RsubBackward1>)"
Indiana Pacers,Atlanta Hawks,"tensor([0.9971], grad_fn=<RsubBackward1>)"
Los Angeles Clippers,Sacramento Kings,"tensor([0.9972], grad_fn=<RsubBackward1>)"
Memphis Grizzlies,Dallas Mavericks,"tensor([0.9971], grad_fn=<RsubBackward1>)"
Miami Heat,Washington Wizards,"tensor([0.9971], grad_fn=<RsubBackward1>)"
New York Knicks,Philadelphia 76ers,"tensor([0.9971], grad_fn=<RsubBackward1>)"
Oklahoma City Thunder,Denver Nuggets,"tensor([0.9971], grad_fn=<RsubBackward1>)"
Orlando Magic,Detroit Pistons,"tensor([0.9971], grad_fn=<RsubBackward1>)"
Portland Trail Blazers,New Orleans Pelicans,"tensor([0.9971], grad_fn=<RsubBackward1>)"
Utah Jazz,San Antonio Spurs,"tensor([0.9972], grad_fn=<RsubBackward1>)"
