Date,Start (ET),Vteam,PTS,Hteam,PTS,,,Attend.,Notes
Tue Oct 22 2019,8:00p,New Orleans Pelicans,122,Toronto Raptors,130,Box Score,OT,20787,
Tue Oct 22 2019,10:30p,Los Angeles Lakers,102,Los Angeles Clippers,112,Box Score,,19068,
Wed Oct 23 2019,7:00p,Chicago Bulls,125,Charlotte Hornets,126,Box Score,,15424,
Wed Oct 23 2019,7:00p,Detroit Pistons,119,Indiana Pacers,110,Box Score,,17923,
Wed Oct 23 2019,7:00p,Cleveland Cavaliers,85,Orlando Magic,94,Box Score,,18846,
Wed Oct 23 2019,7:30p,Minnesota Timberwolves,127,Brooklyn Nets,126,Box Score,OT,17732,
Wed Oct 23 2019,7:30p,Memphis Grizzlies,101,Miami Heat,120,Box Score,,19600,
Wed Oct 23 2019,7:30p,Boston Celtics,93,Philadelphia 76ers,107,Box Score,,20422,
Wed Oct 23 2019,8:30p,Washington Wizards,100,Dallas Mavericks,108,Box Score,,19816,
Wed Oct 23 2019,8:30p,New York Knicks,111,San Antonio Spurs,120,Box Score,,18354,
Wed Oct 23 2019,9:00p,Oklahoma City Thunder,95,Utah Jazz,100,Box Score,,18306,
Wed Oct 23 2019,10:00p,Sacramento Kings,95,Phoenix Suns,124,Box Score,,18055,
Wed Oct 23 2019,10:00p,Denver Nuggets,108,Portland Trail Blazers,100,Box Score,,19991,
Thu Oct 24 2019,7:00p,Atlanta Hawks,117,Detroit Pistons,100,Box Score,,20338,
Thu Oct 24 2019,8:00p,Milwaukee Bucks,117,Houston Rockets,111,Box Score,,18055,
Thu Oct 24 2019,10:30p,Los Angeles Clippers,141,Golden State Warriors,122,Box Score,,18064,
Fri Oct 25 2019,7:00p,Toronto Raptors,106,Boston Celtics,112,Box Score,,18624,
Fri Oct 25 2019,7:00p,Minnesota Timberwolves,121,Charlotte Hornets,99,Box Score,,14879,
Fri Oct 25 2019,7:30p,New York Knicks,109,Brooklyn Nets,113,Box Score,,17732,
Fri Oct 25 2019,8:00p,Chicago Bulls,110,Memphis Grizzlies,102,Box Score,,17794,
Fri Oct 25 2019,8:00p,Dallas Mavericks,123,New Orleans Pelicans,116,Box Score,,17027,
Fri Oct 25 2019,8:00p,Washington Wizards,97,Oklahoma City Thunder,85,Box Score,,18203,
Fri Oct 25 2019,9:00p,Phoenix Suns,107,Denver Nuggets,108,Box Score,OT,19557,
Fri Oct 25 2019,10:00p,Portland Trail Blazers,122,Sacramento Kings,112,Box Score,,17583,
Fri Oct 25 2019,10:30p,Utah Jazz,86,Los Angeles Lakers,95,Box Score,,18997,
Sat Oct 26 2019,5:00p,Miami Heat,131,Milwaukee Bucks,126,Box Score,OT,17467,
Sat Oct 26 2019,7:00p,Philadelphia 76ers,117,Detroit Pistons,111,Box Score,,16207,
Sat Oct 26 2019,7:30p,Orlando Magic,99,Atlanta Hawks,103,Box Score,,17078,
Sat Oct 26 2019,7:30p,Boston Celtics,118,New York Knicks,95,Box Score,,19812,
Sat Oct 26 2019,8:00p,Toronto Raptors,108,Chicago Bulls,84,Box Score,,21498,
Sat Oct 26 2019,8:00p,Indiana Pacers,99,Cleveland Cavaliers,110,Box Score,,19432,
Sat Oct 26 2019,8:00p,New Orleans Pelicans,123,Houston Rockets,126,Box Score,,18055,
Sat Oct 26 2019,8:30p,Washington Wizards,122,San Antonio Spurs,124,Box Score,,18354,
Sat Oct 26 2019,9:00p,Sacramento Kings,81,Utah Jazz,113,Box Score,,18306,
Sat Oct 26 2019,10:00p,Los Angeles Clippers,122,Phoenix Suns,130,Box Score,,15802,
Sun Oct 27 2019,3:30p,Golden State Warriors,92,Oklahoma City Thunder,120,Box Score,,18203,
Sun Oct 27 2019,6:00p,Brooklyn Nets,133,Memphis Grizzlies,134,Box Score,OT,15517,
Sun Oct 27 2019,7:00p,Portland Trail Blazers,121,Dallas Mavericks,119,Box Score,,19707,
Sun Oct 27 2019,7:00p,Miami Heat,109,Minnesota Timberwolves,116,Box Score,,17049,
Sun Oct 27 2019,9:30p,Charlotte Hornets,101,Los Angeles Lakers,120,Box Score,,18997,
Mon Oct 28 2019,7:00p,Chicago Bulls,98,New York Knicks,105,Box Score,,19812,
Mon Oct 28 2019,7:00p,Indiana Pacers,94,Detroit Pistons,96,Box Score,,13565,
Mon Oct 28 2019,7:30p,Orlando Magic,95,Toronto Raptors,104,Box Score,,19800,
Mon Oct 28 2019,7:30p,Philadelphia 76ers,105,Atlanta Hawks,103,Box Score,,14094,
Mon Oct 28 2019,8:00p,Oklahoma City Thunder,112,Houston Rockets,116,Box Score,,18055,
Mon Oct 28 2019,8:00p,Cleveland Cavaliers,112,Milwaukee Bucks,129,Box Score,,17385,
Mon Oct 28 2019,8:00p,Golden State Warriors,134,New Orleans Pelicans,123,Box Score,,17307,
Mon Oct 28 2019,8:30p,Portland Trail Blazers,110,San Antonio Spurs,113,Box Score,,18083,
Mon Oct 28 2019,10:00p,Utah Jazz,96,Phoenix Suns,95,Box Score,,14805,
Mon Oct 28 2019,10:00p,Denver Nuggets,101,Sacramento Kings,94,Box Score,,15870,
Mon Oct 28 2019,10:30p,Charlotte Hornets,96,Los Angeles Clippers,111,Box Score,,19068,
Tue Oct 29 2019,7:30p,Atlanta Hawks,97,Miami Heat,112,Box Score,,19600,
Tue Oct 29 2019,9:00p,Dallas Mavericks,109,Denver Nuggets,106,Box Score,,16605,
Tue Oct 29 2019,10:30p,Memphis Grizzlies,91,Los Angeles Lakers,120,Box Score,,18997,
Wed Oct 30 2019,7:00p,Chicago Bulls,111,Cleveland Cavaliers,117,Box Score,,17595,
Wed Oct 30 2019,7:00p,New York Knicks,83,Orlando Magic,95,Box Score,,17456,
Wed Oct 30 2019,7:00p,Minnesota Timberwolves,95,Philadelphia 76ers,117,Box Score,,20204,
Wed Oct 30 2019,7:30p,Milwaukee Bucks,105,Boston Celtics,116,Box Score,,18624,
Wed Oct 30 2019,7:30p,Indiana Pacers,118,Brooklyn Nets,108,Box Score,,17083,
Wed Oct 30 2019,7:30p,Detroit Pistons,113,Toronto Raptors,125,Box Score,,19800,
Wed Oct 30 2019,8:00p,Portland Trail Blazers,102,Oklahoma City Thunder,99,Box Score,,18203,
Wed Oct 30 2019,8:00p,Houston Rockets,159,Washington Wizards,158,Box Score,,20476,
Wed Oct 30 2019,10:00p,Charlotte Hornets,118,Sacramento Kings,111,Box Score,,15416,
Wed Oct 30 2019,10:00p,Los Angeles Clippers,96,Utah Jazz,110,Box Score,,18306,
Wed Oct 30 2019,10:30p,Phoenix Suns,121,Golden State Warriors,110,Box Score,,18064,
Thu Oct 31 2019,7:00p,Miami Heat,106,Atlanta Hawks,97,Box Score,,16539,
Thu Oct 31 2019,9:30p,Denver Nuggets,107,New Orleans Pelicans,122,Box Score,,16613,
Thu Oct 31 2019,10:30p,San Antonio Spurs,97,Los Angeles Clippers,103,Box Score,,19068,
Fri Nov 1 2019,7:00p,Houston Rockets,116,Brooklyn Nets,123,Box Score,,17732,
Fri Nov 1 2019,7:00p,Cleveland Cavaliers,95,Indiana Pacers,102,Box Score,,16079,
Fri Nov 1 2019,7:00p,Milwaukee Bucks,123,Orlando Magic,91,Box Score,,15105,
Fri Nov 1 2019,7:30p,New York Knicks,102,Boston Celtics,104,Box Score,,18624,
Fri Nov 1 2019,8:00p,Detroit Pistons,106,Chicago Bulls,112,Box Score,,20671,
Fri Nov 1 2019,9:30p,Los Angeles Lakers,119,Dallas Mavericks,110,Box Score,OT,20358,
Fri Nov 1 2019,10:00p,Utah Jazz,101,Sacramento Kings,102,Box Score,,16273,
Fri Nov 1 2019,10:30p,San Antonio Spurs,127,Golden State Warriors,110,Box Score,,18064,
Sat Nov 2 2019,5:00p,New Orleans Pelicans,104,Oklahoma City Thunder,115,Box Score,,18203,
Sat Nov 2 2019,7:00p,Brooklyn Nets,109,Detroit Pistons,113,Box Score,,17222,
Sat Nov 2 2019,7:00p,Denver Nuggets,91,Orlando Magic,87,Box Score,,17025,
Sat Nov 2 2019,8:00p,Phoenix Suns,114,Memphis Grizzlies,105,Box Score,,14144,
Sat Nov 2 2019,8:00p,Toronto Raptors,105,Milwaukee Bucks,115,Box Score,,17637,
Sat Nov 2 2019,8:00p,Minnesota Timberwolves,131,Washington Wizards,109,Box Score,,15150,
Sat Nov 2 2019,8:30p,Charlotte Hornets,93,Golden State Warriors,87,Box Score,,18064,
Sat Nov 2 2019,10:00p,Philadelphia 76ers,129,Portland Trail Blazers,128,Box Score,,19669,
Sun Nov 3 2019,5:00p,Chicago Bulls,95,Indiana Pacers,108,Box Score,,17073,
Sun Nov 3 2019,6:00p,Houston Rockets,100,Miami Heat,129,Box Score,,19724,
Sun Nov 3 2019,6:00p,Sacramento Kings,113,New York Knicks,92,Box Score,,19812,
Sun Nov 3 2019,7:00p,Los Angeles Lakers,103,San Antonio Spurs,96,Box Score,,18610,
Sun Nov 3 2019,7:30p,Dallas Mavericks,131,Cleveland Cavaliers,111,Box Score,,18078,
Sun Nov 3 2019,9:00p,Utah Jazz,94,Los Angeles Clippers,105,Box Score,,19068,
Mon Nov 4 2019,7:00p,Detroit Pistons,99,Washington Wizards,115,Box Score,,13052,
Mon Nov 4 2019,7:30p,New Orleans Pelicans,125,Brooklyn Nets,135,Box Score,,17194,
Mon Nov 4 2019,8:00p,Houston Rockets,107,Memphis Grizzlies,100,Box Score,,14197,
Mon Nov 4 2019,8:00p,Milwaukee Bucks,134,Minnesota Timberwolves,106,Box Score,,16271,
Mon Nov 4 2019,9:00p,Philadelphia 76ers,109,Phoenix Suns,114,Box Score,,14285,
Mon Nov 4 2019,10:30p,Portland Trail Blazers,118,Golden State Warriors,127,Box Score,,18064,
Tue Nov 5 2019,7:00p,Indiana Pacers,120,Charlotte Hornets,122,Box Score,OT,13341,
Tue Nov 5 2019,7:00p,Boston Celtics,119,Cleveland Cavaliers,113,Box Score,,17709,
Tue Nov 5 2019,7:30p,San Antonio Spurs,100,Atlanta Hawks,108,Box Score,,14025,
Tue Nov 5 2019,8:00p,Los Angeles Lakers,118,Chicago Bulls,112,Box Score,,21193,
Tue Nov 5 2019,8:00p,Orlando Magic,94,Oklahoma City Thunder,102,Box Score,,18203,
Tue Nov 5 2019,9:00p,Miami Heat,89,Denver Nuggets,109,Box Score,,18010,
Wed Nov 6 2019,7:00p,New York Knicks,102,Detroit Pistons,122,Box Score,,15463,
Wed Nov 6 2019,7:00p,Washington Wizards,106,Indiana Pacers,121,Box Score,,16171,
Wed Nov 6 2019,7:30p,Chicago Bulls,113,Atlanta Hawks,93,Box Score,,15049,
Wed Nov 6 2019,7:30p,Golden State Warriors,112,Houston Rockets,129,Box Score,,18055,
Wed Nov 6 2019,7:30p,Sacramento Kings,120,Toronto Raptors,124,Box Score,,19800,
Wed Nov 6 2019,8:00p,Minnesota Timberwolves,121,Memphis Grizzlies,137,Box Score,,13503,
Wed Nov 6 2019,8:30p,Orlando Magic,106,Dallas Mavericks,107,Box Score,,19487,
Wed Nov 6 2019,9:00p,Philadelphia 76ers,104,Utah Jazz,106,Box Score,,18306,
Wed Nov 6 2019,10:00p,Milwaukee Bucks,129,Los Angeles Clippers,124,Box Score,,19068,
Thu Nov 7 2019,8:00p,Boston Celtics,108,Charlotte Hornets,87,Box Score,,18487,
Thu Nov 7 2019,8:30p,Oklahoma City Thunder,112,San Antonio Spurs,121,Box Score,,18354,
Thu Nov 7 2019,9:00p,Miami Heat,124,Phoenix Suns,108,Box Score,,15498,
Thu Nov 7 2019,10:30p,Portland Trail Blazers,101,Los Angeles Clippers,107,Box Score,,19068,
Fri Nov 8 2019,7:00p,Detroit Pistons,106,Indiana Pacers,112,Box Score,,15544,
Fri Nov 8 2019,7:00p,Memphis Grizzlies,86,Orlando Magic,118,Box Score,,17021,
Fri Nov 8 2019,7:00p,Cleveland Cavaliers,113,Washington Wizards,100,Box Score,,16946,
Fri Nov 8 2019,7:30p,Sacramento Kings,121,Atlanta Hawks,109,Box Score,,16447,
Fri Nov 8 2019,8:00p,Golden State Warriors,119,Minnesota Timberwolves,125,Box Score,OT,15647,
Fri Nov 8 2019,8:00p,Toronto Raptors,122,New Orleans Pelicans,104,Box Score,,16337,
Fri Nov 8 2019,8:30p,New York Knicks,106,Dallas Mavericks,102,Box Score,,20257,
Fri Nov 8 2019,9:00p,Philadelphia 76ers,97,Denver Nuggets,100,Box Score,,19520,
Fri Nov 8 2019,9:00p,Milwaukee Bucks,100,Utah Jazz,103,Box Score,,18306,
Fri Nov 8 2019,10:00p,Brooklyn Nets,119,Portland Trail Blazers,115,Box Score,,20089,
Fri Nov 8 2019,10:30p,Miami Heat,80,Los Angeles Lakers,95,Box Score,,18997,
Sat Nov 9 2019,5:00p,Boston Celtics,135,San Antonio Spurs,115,Box Score,,18354,
Sat Nov 9 2019,7:00p,New Orleans Pelicans,115,Charlotte Hornets,110,Box Score,,18513,
Sat Nov 9 2019,8:00p,Houston Rockets,117,Chicago Bulls,94,Box Score,,20482,
Sat Nov 9 2019,8:00p,Dallas Mavericks,138,Memphis Grizzlies,122,Box Score,,15753,
Sat Nov 9 2019,8:00p,Golden State Warriors,108,Oklahoma City Thunder,114,Box Score,,18203,
Sun Nov 10 2019,3:30p,Denver Nuggets,100,Minnesota Timberwolves,98,Box Score,OT,13553,
Sun Nov 10 2019,6:00p,Indiana Pacers,109,Orlando Magic,102,Box Score,,17118,
Sun Nov 10 2019,6:00p,Charlotte Hornets,106,Philadelphia 76ers,114,Box Score,,20311,
Sun Nov 10 2019,7:00p,Milwaukee Bucks,121,Oklahoma City Thunder,119,Box Score,,18203,
Sun Nov 10 2019,7:30p,Cleveland Cavaliers,108,New York Knicks,87,Box Score,,19812,
Sun Nov 10 2019,8:00p,Brooklyn Nets,112,Phoenix Suns,138,Box Score,,17290,
Sun Nov 10 2019,9:00p,Atlanta Hawks,113,Portland Trail Blazers,124,Box Score,OT,20041,
Sun Nov 10 2019,9:30p,Toronto Raptors,113,Los Angeles Lakers,104,Box Score,,18997,
Mon Nov 11 2019,7:00p,Minnesota Timberwolves,120,Detroit Pistons,114,Box Score,,12526,
Mon Nov 11 2019,7:30p,Dallas Mavericks,106,Boston Celtics,116,Box Score,,18624,
Mon Nov 11 2019,7:30p,Memphis Grizzlies,113,San Antonio Spurs,109,Box Score,,18627,
Mon Nov 11 2019,8:00p,Houston Rockets,122,New Orleans Pelicans,116,Box Score,,16695,
Mon Nov 11 2019,10:30p,Utah Jazz,122,Golden State Warriors,108,Box Score,,18064,
Mon Nov 11 2019,10:30p,Toronto Raptors,88,Los Angeles Clippers,98,Box Score,,19068,
Tue Nov 12 2019,7:00p,Oklahoma City Thunder,85,Indiana Pacers,111,Box Score,,15838,
Tue Nov 12 2019,7:00p,Cleveland Cavaliers,97,Philadelphia 76ers,98,Box Score,,20294,
Tue Nov 12 2019,7:30p,Detroit Pistons,108,Miami Heat,117,Box Score,,19600,
Tue Nov 12 2019,8:00p,New York Knicks,102,Chicago Bulls,120,Box Score,,18668,
Tue Nov 12 2019,9:00p,Atlanta Hawks,125,Denver Nuggets,121,Box Score,,18327,
Tue Nov 12 2019,9:00p,Los Angeles Lakers,123,Phoenix Suns,115,Box Score,,18055,
Tue Nov 12 2019,9:00p,Brooklyn Nets,114,Utah Jazz,119,Box Score,,18306,
Tue Nov 12 2019,10:00p,Portland Trail Blazers,99,Sacramento Kings,107,Box Score,,16358,
Wed Nov 13 2019,7:00p,Memphis Grizzlies,119,Charlotte Hornets,117,Box Score,,13155,
Wed Nov 13 2019,7:00p,Philadelphia 76ers,97,Orlando Magic,112,Box Score,,15113,
Wed Nov 13 2019,7:30p,Washington Wizards,133,Boston Celtics,140,Box Score,,19156,
Wed Nov 13 2019,7:30p,Los Angeles Clippers,93,Houston Rockets,102,Box Score,,18055,
Wed Nov 13 2019,8:00p,San Antonio Spurs,114,Minnesota Timberwolves,129,Box Score,,11581,
Wed Nov 13 2019,10:00p,Golden State Warriors,94,Los Angeles Lakers,120,Box Score,,18997,
Wed Nov 13 2019,10:00p,Toronto Raptors,114,Portland Trail Blazers,106,Box Score,,19544,
Thu Nov 14 2019,6:00p,Miami Heat,108,Cleveland Cavaliers,97,Box Score,,17374,
Thu Nov 14 2019,8:00p,Chicago Bulls,115,Milwaukee Bucks,124,Box Score,,17627,
Thu Nov 14 2019,8:00p,Los Angeles Clippers,127,New Orleans Pelicans,132,Box Score,,17147,
Thu Nov 14 2019,8:00p,Dallas Mavericks,103,New York Knicks,106,Box Score,,19812,
Thu Nov 14 2019,9:00p,Atlanta Hawks,112,Phoenix Suns,128,Box Score,,15143,
Thu Nov 14 2019,10:30p,Brooklyn Nets,93,Denver Nuggets,101,Box Score,,18394,
Fri Nov 15 2019,7:00p,Detroit Pistons,106,Charlotte Hornets,109,Box Score,,16778,
Fri Nov 15 2019,7:00p,San Antonio Spurs,109,Orlando Magic,111,Box Score,,16296,
Fri Nov 15 2019,8:00p,Indiana Pacers,102,Houston Rockets,111,Box Score,,18055,
Fri Nov 15 2019,8:00p,Utah Jazz,106,Memphis Grizzlies,107,Box Score,,16422,
Fri Nov 15 2019,8:00p,Washington Wizards,137,Minnesota Timberwolves,116,Box Score,,12716,
Fri Nov 15 2019,8:00p,Philadelphia 76ers,119,Oklahoma City Thunder,127,Box Score,OT,18203,
Fri Nov 15 2019,10:30p,Boston Celtics,105,Golden State Warriors,100,Box Score,,18064,
Fri Nov 15 2019,10:30p,Sacramento Kings,97,Los Angeles Lakers,99,Box Score,,18997,
Sat Nov 16 2019,6:00p,Brooklyn Nets,117,Chicago Bulls,111,Box Score,,19148,
Sat Nov 16 2019,7:00p,Milwaukee Bucks,102,Indiana Pacers,83,Box Score,,17024,
Sat Nov 16 2019,7:30p,Charlotte Hornets,103,New York Knicks,102,Box Score,,19401,
Sat Nov 16 2019,8:00p,New Orleans Pelicans,94,Miami Heat,109,Box Score,,19600,
Sat Nov 16 2019,8:00p,Houston Rockets,125,Minnesota Timberwolves,105,Box Score,,18978,
Sat Nov 16 2019,8:30p,Toronto Raptors,102,Dallas Mavericks,110,Box Score,,19926,
Sat Nov 16 2019,8:30p,Portland Trail Blazers,121,San Antonio Spurs,116,Box Score,,18534,
Sat Nov 16 2019,10:30p,Atlanta Hawks,101,Los Angeles Clippers,150,Box Score,,19068,
Sun Nov 17 2019,3:00p,Philadelphia 76ers,114,Cleveland Cavaliers,95,Box Score,,19432,
Sun Nov 17 2019,3:30p,Boston Celtics,99,Sacramento Kings,100,Box Score,,16633,
Sun Nov 17 2019,6:00p,Denver Nuggets,131,Memphis Grizzlies,114,Box Score,,14227,
Sun Nov 17 2019,6:00p,Washington Wizards,121,Orlando Magic,125,Box Score,,16344,
Sun Nov 17 2019,7:00p,Golden State Warriors,100,New Orleans Pelicans,108,Box Score,,16812,
Sun Nov 17 2019,9:30p,Atlanta Hawks,101,Los Angeles Lakers,122,Box Score,,18997,
Mon Nov 18 2019,7:00p,Cleveland Cavaliers,105,New York Knicks,123,Box Score,,17097,
Mon Nov 18 2019,7:30p,Indiana Pacers,115,Brooklyn Nets,86,Box Score,,14140,
Mon Nov 18 2019,7:30p,Charlotte Hornets,96,Toronto Raptors,132,Box Score,,19800,
Mon Nov 18 2019,8:00p,Milwaukee Bucks,115,Chicago Bulls,101,Box Score,,17565,
Mon Nov 18 2019,8:00p,Portland Trail Blazers,108,Houston Rockets,132,Box Score,,18055,
Mon Nov 18 2019,8:30p,San Antonio Spurs,110,Dallas Mavericks,117,Box Score,,19637,
Mon Nov 18 2019,9:00p,Boston Celtics,99,Phoenix Suns,85,Box Score,,15193,
Mon Nov 18 2019,9:00p,Minnesota Timberwolves,112,Utah Jazz,102,Box Score,,18306,
Mon Nov 18 2019,10:30p,Oklahoma City Thunder,88,Los Angeles Clippers,90,Box Score,,19068,
Tue Nov 19 2019,8:00p,Golden State Warriors,114,Memphis Grizzlies,95,Box Score,,14511,
Tue Nov 19 2019,8:00p,Portland Trail Blazers,104,New Orleans Pelicans,115,Box Score,,15021,
Tue Nov 19 2019,10:00p,Phoenix Suns,116,Sacramento Kings,120,Box Score,,16732,
Tue Nov 19 2019,10:30p,Oklahoma City Thunder,107,Los Angeles Lakers,112,Box Score,,18997,
Wed Nov 20 2019,7:00p,New York Knicks,104,Philadelphia 76ers,109,Box Score,,20384,
Wed Nov 20 2019,7:00p,San Antonio Spurs,132,Washington Wizards,138,Box Score,,14579,
Wed Nov 20 2019,7:30p,Milwaukee Bucks,135,Atlanta Hawks,127,Box Score,,16441,
Wed Nov 20 2019,7:30p,Charlotte Hornets,91,Brooklyn Nets,101,Box Score,,14011,
Wed Nov 20 2019,7:30p,Golden State Warriors,94,Dallas Mavericks,142,Box Score,,19569,
Wed Nov 20 2019,7:30p,Cleveland Cavaliers,100,Miami Heat,124,Box Score,,19600,
Wed Nov 20 2019,7:30p,Orlando Magic,97,Toronto Raptors,113,Box Score,,19800,
Wed Nov 20 2019,8:00p,Detroit Pistons,89,Chicago Bulls,109,Box Score,,18119,
Wed Nov 20 2019,8:00p,Utah Jazz,103,Minnesota Timberwolves,95,Box Score,,13177,
Wed Nov 20 2019,9:00p,Houston Rockets,95,Denver Nuggets,105,Box Score,,17778,
Wed Nov 20 2019,10:00p,Boston Celtics,104,Los Angeles Clippers,107,Box Score,OT,19068,
Thu Nov 21 2019,8:00p,Portland Trail Blazers,129,Milwaukee Bucks,137,Box Score,,17385,
Thu Nov 21 2019,10:30p,New Orleans Pelicans,124,Phoenix Suns,121,Box Score,,13903,
Fri Nov 22 2019,7:00p,Atlanta Hawks,103,Detroit Pistons,128,Box Score,,15399,
Fri Nov 22 2019,7:00p,Charlotte Hornets,118,Washington Wizards,125,Box Score,,15053,
Fri Nov 22 2019,7:30p,Sacramento Kings,97,Brooklyn Nets,116,Box Score,,15619,
Fri Nov 22 2019,8:00p,Miami Heat,116,Chicago Bulls,108,Box Score,,18953,
Fri Nov 22 2019,8:00p,Los Angeles Lakers,130,Oklahoma City Thunder,127,Box Score,,18203,
Fri Nov 22 2019,8:00p,San Antonio Spurs,104,Philadelphia 76ers,115,Box Score,,20927,
Fri Nov 22 2019,8:30p,Cleveland Cavaliers,101,Dallas Mavericks,143,Box Score,,19639,
Fri Nov 22 2019,9:00p,Boston Celtics,92,Denver Nuggets,96,Box Score,,19520,
Fri Nov 22 2019,9:00p,Golden State Warriors,109,Utah Jazz,113,Box Score,,18306,
Fri Nov 22 2019,10:30p,Houston Rockets,119,Los Angeles Clippers,122,Box Score,,19068,
Sat Nov 23 2019,5:00p,Phoenix Suns,100,Minnesota Timberwolves,98,Box Score,,17362,
Sat Nov 23 2019,7:00p,Chicago Bulls,116,Charlotte Hornets,115,Box Score,,17891,
Sat Nov 23 2019,7:00p,Orlando Magic,106,Indiana Pacers,111,Box Score,,16446,
Sat Nov 23 2019,7:30p,Toronto Raptors,119,Atlanta Hawks,116,Box Score,,16931,
Sat Nov 23 2019,7:30p,San Antonio Spurs,111,New York Knicks,104,Box Score,,19320,
Sat Nov 23 2019,7:30p,Miami Heat,86,Philadelphia 76ers,113,Box Score,,21017,
Sat Nov 23 2019,8:00p,Portland Trail Blazers,104,Cleveland Cavaliers,110,Box Score,,19432,
Sat Nov 23 2019,8:00p,Los Angeles Lakers,109,Memphis Grizzlies,108,Box Score,,17794,
Sat Nov 23 2019,8:30p,Detroit Pistons,90,Milwaukee Bucks,104,Box Score,,17585,
Sat Nov 23 2019,9:00p,New Orleans Pelicans,120,Utah Jazz,128,Box Score,,18306,
Sun Nov 24 2019,3:30p,Dallas Mavericks,137,Houston Rockets,123,Box Score,,18055,
Sun Nov 24 2019,6:00p,Brooklyn Nets,103,New York Knicks,101,Box Score,,18770,
Sun Nov 24 2019,6:00p,Sacramento Kings,113,Washington Wizards,106,Box Score,,15885,
Sun Nov 24 2019,8:00p,Phoenix Suns,104,Denver Nuggets,116,Box Score,,19520,
Sun Nov 24 2019,9:00p,New Orleans Pelicans,109,Los Angeles Clippers,134,Box Score,,19068,
Mon Nov 25 2019,7:00p,Brooklyn Nets,108,Cleveland Cavaliers,106,Box Score,,17143,
Mon Nov 25 2019,7:00p,Orlando Magic,88,Detroit Pistons,103,Box Score,,14695,
Mon Nov 25 2019,7:00p,Memphis Grizzlies,114,Indiana Pacers,126,Box Score,,15141,
Mon Nov 25 2019,7:30p,Minnesota Timberwolves,125,Atlanta Hawks,113,Box Score,,16218,
Mon Nov 25 2019,7:30p,Sacramento Kings,102,Boston Celtics,103,Box Score,,19156,
Mon Nov 25 2019,7:30p,Charlotte Hornets,100,Miami Heat,117,Box Score,,19600,
Mon Nov 25 2019,7:30p,Philadelphia 76ers,96,Toronto Raptors,101,Box Score,,19800,
Mon Nov 25 2019,8:00p,Portland Trail Blazers,117,Chicago Bulls,94,Box Score,,18776,
Mon Nov 25 2019,8:00p,Utah Jazz,118,Milwaukee Bucks,122,Box Score,,17385,
Mon Nov 25 2019,8:30p,Los Angeles Lakers,114,San Antonio Spurs,104,Box Score,,18498,
Mon Nov 25 2019,10:30p,Oklahoma City Thunder,100,Golden State Warriors,97,Box Score,,18064,
Tue Nov 26 2019,8:30p,Los Angeles Clippers,114,Dallas Mavericks,99,Box Score,,20407,
Tue Nov 26 2019,9:00p,Washington Wizards,104,Denver Nuggets,117,Box Score,,18673,
Wed Nov 27 2019,7:00p,Brooklyn Nets,110,Boston Celtics,121,Box Score,,19156,
Wed Nov 27 2019,7:00p,Detroit Pistons,101,Charlotte Hornets,102,Box Score,,15535,
Wed Nov 27 2019,7:00p,Orlando Magic,116,Cleveland Cavaliers,104,Box Score,,17712,
Wed Nov 27 2019,7:00p,Utah Jazz,102,Indiana Pacers,121,Box Score,,17027,
Wed Nov 27 2019,7:00p,Sacramento Kings,91,Philadelphia 76ers,97,Box Score,,20592,
Wed Nov 27 2019,7:30p,New York Knicks,98,Toronto Raptors,126,Box Score,,19800,
Wed Nov 27 2019,8:00p,Miami Heat,108,Houston Rockets,117,Box Score,,18055,
Wed Nov 27 2019,8:00p,Los Angeles Clippers,121,Memphis Grizzlies,119,Box Score,,16721,
Wed Nov 27 2019,8:00p,Atlanta Hawks,102,Milwaukee Bucks,111,Box Score,,17525,
Wed Nov 27 2019,8:30p,Minnesota Timberwolves,113,San Antonio Spurs,101,Box Score,,18354,
Wed Nov 27 2019,9:00p,Washington Wizards,140,Phoenix Suns,132,Box Score,,14123,
Wed Nov 27 2019,9:30p,Los Angeles Lakers,114,New Orleans Pelicans,110,Box Score,,18626,
Wed Nov 27 2019,10:00p,Oklahoma City Thunder,119,Portland Trail Blazers,136,Box Score,,19870,
Wed Nov 27 2019,10:30p,Chicago Bulls,90,Golden State Warriors,104,Box Score,,18064,
Fri Nov 29 2019,12:00p,Boston Celtics,107,Brooklyn Nets,112,Box Score,,17732,
Fri Nov 29 2019,7:00p,Charlotte Hornets,110,Detroit Pistons,107,Box Score,,15006,
Fri Nov 29 2019,7:00p,Toronto Raptors,90,Orlando Magic,83,Box Score,,17014,
Fri Nov 29 2019,7:30p,Milwaukee Bucks,119,Cleveland Cavaliers,110,Box Score,,19432,
Fri Nov 29 2019,7:30p,Philadelphia 76ers,101,New York Knicks,95,Box Score,,18109,
Fri Nov 29 2019,8:00p,Atlanta Hawks,104,Indiana Pacers,105,Box Score,OT,15827,
Fri Nov 29 2019,8:00p,Utah Jazz,103,Memphis Grizzlies,94,Box Score,,16605,
Fri Nov 29 2019,8:00p,Golden State Warriors,105,Miami Heat,122,Box Score,,19600,
Fri Nov 29 2019,8:00p,New Orleans Pelicans,104,Oklahoma City Thunder,109,Box Score,,18203,
Fri Nov 29 2019,8:30p,Los Angeles Clippers,97,San Antonio Spurs,107,Box Score,,18354,
Fri Nov 29 2019,9:00p,Dallas Mavericks,120,Phoenix Suns,113,Box Score,,18055,
Fri Nov 29 2019,10:00p,Chicago Bulls,103,Portland Trail Blazers,107,Box Score,,20139,
Fri Nov 29 2019,10:30p,Washington Wizards,103,Los Angeles Lakers,125,Box Score,,18997,
Sat Nov 30 2019,5:00p,Denver Nuggets,97,Sacramento Kings,100,Box Score,OT,17583,
Sat Nov 30 2019,7:00p,Indiana Pacers,116,Philadelphia 76ers,119,Box Score,,20517,
Sat Nov 30 2019,8:00p,Atlanta Hawks,111,Houston Rockets,158,Box Score,,18055,
Sat Nov 30 2019,8:00p,Charlotte Hornets,96,Milwaukee Bucks,137,Box Score,,17550,
Sun Dec 1 2019,3:00p,Miami Heat,109,Brooklyn Nets,106,Box Score,,17026,
Sun Dec 1 2019,3:30p,Memphis Grizzlies,115,Minnesota Timberwolves,107,Box Score,,12276,
Sun Dec 1 2019,3:30p,Boston Celtics,113,New York Knicks,104,Box Score,,18005,
Sun Dec 1 2019,4:00p,Dallas Mavericks,114,Los Angeles Lakers,100,Box Score,,18997,
Sun Dec 1 2019,5:00p,San Antonio Spurs,98,Detroit Pistons,132,Box Score,,14270,
Sun Dec 1 2019,5:00p,Oklahoma City Thunder,107,New Orleans Pelicans,104,Box Score,,15427,
Sun Dec 1 2019,6:00p,Golden State Warriors,96,Orlando Magic,100,Box Score,,15052,
Sun Dec 1 2019,6:00p,Utah Jazz,110,Toronto Raptors,130,Box Score,,18132,
Sun Dec 1 2019,10:30p,Washington Wizards,125,Los Angeles Clippers,150,Box Score,,19068,
Mon Dec 2 2019,7:00p,Phoenix Suns,109,Charlotte Hornets,104,Box Score,,11221,
Mon Dec 2 2019,7:00p,Utah Jazz,94,Philadelphia 76ers,103,Box Score,,20208,
Mon Dec 2 2019,7:30p,Golden State Warriors,79,Atlanta Hawks,104,Box Score,,14278,
Mon Dec 2 2019,8:00p,Indiana Pacers,117,Memphis Grizzlies,104,Box Score,,11919,
Mon Dec 2 2019,8:00p,New York Knicks,88,Milwaukee Bucks,132,Box Score,,17385,
Mon Dec 2 2019,10:00p,Chicago Bulls,113,Sacramento Kings,106,Box Score,,17257,
Tue Dec 3 2019,7:00p,Detroit Pistons,127,Cleveland Cavaliers,94,Box Score,,17504,
Tue Dec 3 2019,7:00p,Orlando Magic,127,Washington Wizards,120,Box Score,,13159,
Tue Dec 3 2019,7:30p,Dallas Mavericks,118,New Orleans Pelicans,97,Box Score,,14664,
Tue Dec 3 2019,7:30p,Miami Heat,121,Toronto Raptors,110,Box Score,OT,19800,
Tue Dec 3 2019,8:30p,Houston Rockets,133,San Antonio Spurs,135,Box Score,2OT,18354,
Tue Dec 3 2019,9:00p,Los Angeles Lakers,105,Denver Nuggets,96,Box Score,,19658,
Tue Dec 3 2019,10:00p,Portland Trail Blazers,97,Los Angeles Clippers,117,Box Score,,19068,
Wed Dec 4 2019,7:00p,Golden State Warriors,91,Charlotte Hornets,106,Box Score,,14355,
Wed Dec 4 2019,7:00p,Milwaukee Bucks,127,Detroit Pistons,103,Box Score,,15742,
Wed Dec 4 2019,7:00p,Phoenix Suns,114,Orlando Magic,128,Box Score,,15176,
Wed Dec 4 2019,7:30p,Brooklyn Nets,130,Atlanta Hawks,118,Box Score,,15694,
Wed Dec 4 2019,7:30p,Miami Heat,93,Boston Celtics,112,Box Score,,19156,
Wed Dec 4 2019,8:00p,Memphis Grizzlies,99,Chicago Bulls,106,Box Score,,15017,
Wed Dec 4 2019,8:00p,Indiana Pacers,107,Oklahoma City Thunder,100,Box Score,,18203,
Wed Dec 4 2019,8:30p,Minnesota Timberwolves,114,Dallas Mavericks,121,Box Score,,19671,
Wed Dec 4 2019,9:00p,Los Angeles Lakers,121,Utah Jazz,96,Box Score,,18306,
Wed Dec 4 2019,10:00p,Sacramento Kings,116,Portland Trail Blazers,127,Box Score,,19393,
Thu Dec 5 2019,7:00p,Philadelphia 76ers,113,Washington Wizards,119,Box Score,,16554,
Thu Dec 5 2019,7:30p,Denver Nuggets,129,New York Knicks,92,Box Score,,18171,
Thu Dec 5 2019,7:30p,Houston Rockets,119,Toronto Raptors,109,Box Score,,19800,
Thu Dec 5 2019,8:00p,Phoenix Suns,139,New Orleans Pelicans,132,Box Score,OT,15607,
Fri Dec 6 2019,7:00p,Brooklyn Nets,,Charlotte Hornets,,,,,
Fri Dec 6 2019,7:00p,Orlando Magic,,Cleveland Cavaliers,,,,,
Fri Dec 6 2019,7:00p,Indiana Pacers,,Detroit Pistons,,,,,
Fri Dec 6 2019,8:00p,Denver Nuggets,,Boston Celtics,,,,,
Fri Dec 6 2019,8:00p,Golden State Warriors,,Chicago Bulls,,,,,
Fri Dec 6 2019,8:00p,Washington Wizards,,Miami Heat,,,,,
Fri Dec 6 2019,8:00p,Minnesota Timberwolves,,Oklahoma City Thunder,,,,,
Fri Dec 6 2019,8:30p,Los Angeles Clippers,,Milwaukee Bucks,,,,,
Fri Dec 6 2019,8:30p,Sacramento Kings,,San Antonio Spurs,,,,,
Fri Dec 6 2019,10:30p,Los Angeles Lakers,,Portland Trail Blazers,,,,,
Sat Dec 7 2019,2:00p,New Orleans Pelicans,,Dallas Mavericks,,,,,
Sat Dec 7 2019,7:30p,Indiana Pacers,,New York Knicks,,,,,
Sat Dec 7 2019,7:30p,Cleveland Cavaliers,,Philadelphia 76ers,,,,,
Sat Dec 7 2019,8:00p,Phoenix Suns,,Houston Rockets,,,,,
Sat Dec 7 2019,10:00p,Memphis Grizzlies,,Utah Jazz,,,,,
Sun Dec 8 2019,3:00p,Denver Nuggets,,Brooklyn Nets,,,,,
Sun Dec 8 2019,5:00p,Atlanta Hawks,,Charlotte Hornets,,,,,
Sun Dec 8 2019,6:00p,Chicago Bulls,,Miami Heat,,,,,
Sun Dec 8 2019,6:00p,Toronto Raptors,,Philadelphia 76ers,,,,,
Sun Dec 8 2019,6:00p,Los Angeles Clippers,,Washington Wizards,,,,,
Sun Dec 8 2019,7:00p,Sacramento Kings,,Dallas Mavericks,,,,,
Sun Dec 8 2019,9:00p,Oklahoma City Thunder,,Portland Trail Blazers,,,,,
Sun Dec 8 2019,9:30p,Minnesota Timberwolves,,Los Angeles Lakers,,,,,
Mon Dec 9 2019,7:00p,Los Angeles Clippers,,Indiana Pacers,,,,,
Mon Dec 9 2019,7:30p,Cleveland Cavaliers,,Boston Celtics,,,,,
Mon Dec 9 2019,8:00p,Toronto Raptors,,Chicago Bulls,,,,,
Mon Dec 9 2019,8:00p,Sacramento Kings,,Houston Rockets,,,,,
Mon Dec 9 2019,8:00p,Orlando Magic,,Milwaukee Bucks,,,,,
Mon Dec 9 2019,8:00p,Detroit Pistons,,New Orleans Pelicans,,,,,
Mon Dec 9 2019,9:00p,Minnesota Timberwolves,,Phoenix Suns,,,,,
Mon Dec 9 2019,9:00p,Oklahoma City Thunder,,Utah Jazz,,,,,
Mon Dec 9 2019,10:30p,Memphis Grizzlies,,Golden State Warriors,,,,,
Tue Dec 10 2019,7:00p,Washington Wizards,,Charlotte Hornets,,,,,
Tue Dec 10 2019,8:00p,Atlanta Hawks,,Miami Heat,,,,,
Tue Dec 10 2019,8:00p,Denver Nuggets,,Philadelphia 76ers,,,,,
Tue Dec 10 2019,10:00p,New York Knicks,,Portland Trail Blazers,,,,,
Wed Dec 11 2019,7:00p,Houston Rockets,,Cleveland Cavaliers,,,,,
Wed Dec 11 2019,7:00p,Boston Celtics,,Indiana Pacers,,,,,
Wed Dec 11 2019,7:00p,Los Angeles Lakers,,Orlando Magic,,,,,
Wed Dec 11 2019,7:00p,Los Angeles Clippers,,Toronto Raptors,,,,,
Wed Dec 11 2019,7:30p,Charlotte Hornets,,Brooklyn Nets,,,,,
Wed Dec 11 2019,8:00p,Atlanta Hawks,,Chicago Bulls,,,,,
Wed Dec 11 2019,8:00p,Utah Jazz,,Minnesota Timberwolves,,,,,
Wed Dec 11 2019,9:00p,Memphis Grizzlies,,Phoenix Suns,,,,,
Wed Dec 11 2019,9:30p,New Orleans Pelicans,,Milwaukee Bucks,,,,,
Wed Dec 11 2019,10:00p,Oklahoma City Thunder,,Sacramento Kings,,,,,
Wed Dec 11 2019,10:30p,New York Knicks,,Golden State Warriors,,,,,
Thu Dec 12 2019,8:00p,Philadelphia 76ers,,Boston Celtics,,,,,
Thu Dec 12 2019,8:30p,Cleveland Cavaliers,,San Antonio Spurs,,,,,
Thu Dec 12 2019,9:00p,Dallas Mavericks,,Detroit Pistons,,,,,at Mexico City Mexico
Thu Dec 12 2019,10:30p,Portland Trail Blazers,,Denver Nuggets,,,,,
Fri Dec 13 2019,7:00p,Los Angeles Lakers,,Miami Heat,,,,,
Fri Dec 13 2019,7:00p,Houston Rockets,,Orlando Magic,,,,,
Fri Dec 13 2019,7:00p,New Orleans Pelicans,,Philadelphia 76ers,,,,,
Fri Dec 13 2019,7:30p,Indiana Pacers,,Atlanta Hawks,,,,,
Fri Dec 13 2019,8:00p,Charlotte Hornets,,Chicago Bulls,,,,,
Fri Dec 13 2019,8:00p,Milwaukee Bucks,,Memphis Grizzlies,,,,,
Fri Dec 13 2019,9:00p,Golden State Warriors,,Utah Jazz,,,,,
Fri Dec 13 2019,9:30p,Los Angeles Clippers,,Minnesota Timberwolves,,,,,
Fri Dec 13 2019,10:00p,New York Knicks,,Sacramento Kings,,,,,
Sat Dec 14 2019,5:00p,San Antonio Spurs,,Phoenix Suns,,,,,at Mexico City Mexico
Sat Dec 14 2019,7:30p,Brooklyn Nets,,Toronto Raptors,,,,,
Sat Dec 14 2019,8:00p,Los Angeles Clippers,,Chicago Bulls,,,,,
Sat Dec 14 2019,8:00p,Washington Wizards,,Memphis Grizzlies,,,,,
Sat Dec 14 2019,8:30p,Miami Heat,,Dallas Mavericks,,,,,
Sat Dec 14 2019,8:30p,Cleveland Cavaliers,,Milwaukee Bucks,,,,,
Sat Dec 14 2019,9:00p,Oklahoma City Thunder,,Denver Nuggets,,,,,
Sat Dec 14 2019,9:00p,Detroit Pistons,,Houston Rockets,,,,,
Sun Dec 15 2019,3:30p,Orlando Magic,,New Orleans Pelicans,,,,,
Sun Dec 15 2019,5:00p,Charlotte Hornets,,Indiana Pacers,,,,,
Sun Dec 15 2019,6:00p,Los Angeles Lakers,,Atlanta Hawks,,,,,
Sun Dec 15 2019,6:00p,Philadelphia 76ers,,Brooklyn Nets,,,,,
Sun Dec 15 2019,8:00p,New York Knicks,,Denver Nuggets,,,,,
Sun Dec 15 2019,8:30p,Sacramento Kings,,Golden State Warriors,,,,,
Mon Dec 16 2019,7:00p,Washington Wizards,,Detroit Pistons,,,,,
Mon Dec 16 2019,7:30p,Cleveland Cavaliers,,Toronto Raptors,,,,,
Mon Dec 16 2019,8:00p,San Antonio Spurs,,Houston Rockets,,,,,
Mon Dec 16 2019,8:00p,Miami Heat,,Memphis Grizzlies,,,,,
Mon Dec 16 2019,8:00p,Dallas Mavericks,,Milwaukee Bucks,,,,,
Mon Dec 16 2019,8:00p,Chicago Bulls,,Oklahoma City Thunder,,,,,
Mon Dec 16 2019,9:00p,Portland Trail Blazers,,Phoenix Suns,,,,,
Tue Dec 17 2019,7:00p,Sacramento Kings,,Charlotte Hornets,,,,,
Tue Dec 17 2019,7:00p,Los Angeles Lakers,,Indiana Pacers,,,,,
Tue Dec 17 2019,7:30p,Atlanta Hawks,,New York Knicks,,,,,
Tue Dec 17 2019,8:00p,Brooklyn Nets,,New Orleans Pelicans,,,,,
Tue Dec 17 2019,9:00p,Orlando Magic,,Utah Jazz,,,,,
Tue Dec 17 2019,10:30p,Phoenix Suns,,Los Angeles Clippers,,,,,
Wed Dec 18 2019,7:00p,Charlotte Hornets,,Cleveland Cavaliers,,,,,
Wed Dec 18 2019,7:00p,Toronto Raptors,,Detroit Pistons,,,,,
Wed Dec 18 2019,7:00p,Miami Heat,,Philadelphia 76ers,,,,,
Wed Dec 18 2019,7:00p,Chicago Bulls,,Washington Wizards,,,,,
Wed Dec 18 2019,8:00p,New Orleans Pelicans,,Minnesota Timberwolves,,,,,
Wed Dec 18 2019,8:00p,Memphis Grizzlies,,Oklahoma City Thunder,,,,,
Wed Dec 18 2019,9:00p,Orlando Magic,,Denver Nuggets,,,,,
Wed Dec 18 2019,9:30p,Boston Celtics,,Dallas Mavericks,,,,,
Wed Dec 18 2019,10:00p,Golden State Warriors,,Portland Trail Blazers,,,,,
Thu Dec 19 2019,7:30p,Utah Jazz,,Atlanta Hawks,,,,,
Thu Dec 19 2019,8:00p,Los Angeles Lakers,,Milwaukee Bucks,,,,,
Thu Dec 19 2019,8:30p,Brooklyn Nets,,San Antonio Spurs,,,,,
Thu Dec 19 2019,10:30p,Houston Rockets,,Los Angeles Clippers,,,,,
Fri Dec 20 2019,7:00p,Memphis Grizzlies,,Cleveland Cavaliers,,,,,
Fri Dec 20 2019,7:00p,Sacramento Kings,,Indiana Pacers,,,,,
Fri Dec 20 2019,7:30p,Detroit Pistons,,Boston Celtics,,,,,
Fri Dec 20 2019,7:30p,Washington Wizards,,Toronto Raptors,,,,,
Fri Dec 20 2019,8:00p,New York Knicks,,Miami Heat,,,,,
Fri Dec 20 2019,8:00p,Phoenix Suns,,Oklahoma City Thunder,,,,,
Fri Dec 20 2019,8:00p,Dallas Mavericks,,Philadelphia 76ers,,,,,
Fri Dec 20 2019,9:00p,Minnesota Timberwolves,,Denver Nuggets,,,,,
Fri Dec 20 2019,10:00p,Orlando Magic,,Portland Trail Blazers,,,,,
Fri Dec 20 2019,10:30p,New Orleans Pelicans,,Golden State Warriors,,,,,
Sat Dec 21 2019,5:00p,Utah Jazz,,Charlotte Hornets,,,,,
Sat Dec 21 2019,6:00p,Atlanta Hawks,,Brooklyn Nets,,,,,
Sat Dec 21 2019,7:00p,Chicago Bulls,,Detroit Pistons,,,,,
Sat Dec 21 2019,7:00p,Washington Wizards,,Philadelphia 76ers,,,,,
Sat Dec 21 2019,7:30p,Milwaukee Bucks,,New York Knicks,,,,,
Sat Dec 21 2019,8:00p,Sacramento Kings,,Memphis Grizzlies,,,,,
Sat Dec 21 2019,8:30p,Los Angeles Clippers,,San Antonio Spurs,,,,,
Sat Dec 21 2019,9:00p,Houston Rockets,,Phoenix Suns,,,,,
Sat Dec 21 2019,10:00p,Minnesota Timberwolves,,Portland Trail Blazers,,,,,
Sun Dec 22 2019,3:30p,Dallas Mavericks,,Toronto Raptors,,,,,
Sun Dec 22 2019,6:00p,Charlotte Hornets,,Boston Celtics,,,,,
Sun Dec 22 2019,7:00p,Indiana Pacers,,Milwaukee Bucks,,,,,
Sun Dec 22 2019,7:00p,Los Angeles Clippers,,Oklahoma City Thunder,,,,,
Sun Dec 22 2019,9:30p,Denver Nuggets,,Los Angeles Lakers,,,,,
Wed Jan 1 2020,6:00p,Orlando Magic,,Washington Wizards,,,,,
Wed Jan 1 2020,7:30p,Portland Trail Blazers,,New York Knicks,,,,,
Wed Jan 1 2020,8:00p,Minnesota Timberwolves,,Milwaukee Bucks,,,,,
Wed Jan 1 2020,10:30p,Phoenix Suns,,Los Angeles Lakers,,,,,
Thu Jan 2 2020,7:00p,Charlotte Hornets,,Cleveland Cavaliers,,,,,
Thu Jan 2 2020,7:00p,Denver Nuggets,,Indiana Pacers,,,,,
Thu Jan 2 2020,7:30p,Toronto Raptors,,Miami Heat,,,,,
Thu Jan 2 2020,8:00p,Utah Jazz,,Chicago Bulls,,,,,
Thu Jan 2 2020,8:00p,Golden State Warriors,,Minnesota Timberwolves,,,,,
Thu Jan 2 2020,8:30p,Brooklyn Nets,,Dallas Mavericks,,,,,
Thu Jan 2 2020,8:30p,Oklahoma City Thunder,,San Antonio Spurs,,,,,
Thu Jan 2 2020,10:00p,Memphis Grizzlies,,Sacramento Kings,,,,,
Thu Jan 2 2020,10:30p,Detroit Pistons,,Los Angeles Clippers,,,,,
Fri Jan 3 2020,7:00p,Atlanta Hawks,,Boston Celtics,,,,,
Fri Jan 3 2020,7:00p,Miami Heat,,Orlando Magic,,,,,
Fri Jan 3 2020,7:00p,Portland Trail Blazers,,Washington Wizards,,,,,
Fri Jan 3 2020,8:00p,Philadelphia 76ers,,Houston Rockets,,,,,
Fri Jan 3 2020,9:00p,New York Knicks,,Phoenix Suns,,,,,
Fri Jan 3 2020,10:30p,New Orleans Pelicans,,Los Angeles Lakers,,,,,
Sat Jan 4 2020,3:30p,Memphis Grizzlies,,Los Angeles Clippers,,,,,
Sat Jan 4 2020,6:00p,Toronto Raptors,,Brooklyn Nets,,,,,
Sat Jan 4 2020,7:00p,Utah Jazz,,Orlando Magic,,,,,
Sat Jan 4 2020,7:30p,Indiana Pacers,,Atlanta Hawks,,,,,
Sat Jan 4 2020,7:30p,Oklahoma City Thunder,,Cleveland Cavaliers,,,,,
Sat Jan 4 2020,8:00p,Boston Celtics,,Chicago Bulls,,,,,
Sat Jan 4 2020,8:00p,Denver Nuggets,,Washington Wizards,,,,,
Sat Jan 4 2020,8:30p,Charlotte Hornets,,Dallas Mavericks,,,,,
Sat Jan 4 2020,8:30p,Detroit Pistons,,Golden State Warriors,,,,,
Sat Jan 4 2020,8:30p,San Antonio Spurs,,Milwaukee Bucks,,,,,
Sat Jan 4 2020,10:00p,New Orleans Pelicans,,Sacramento Kings,,,,,
Sun Jan 5 2020,3:30p,New York Knicks,,Los Angeles Clippers,,,,,
Sun Jan 5 2020,6:00p,Portland Trail Blazers,,Miami Heat,,,,,
Sun Jan 5 2020,7:30p,Minnesota Timberwolves,,Cleveland Cavaliers,,,,,
Sun Jan 5 2020,8:00p,Memphis Grizzlies,,Phoenix Suns,,,,,
Sun Jan 5 2020,10:00p,Detroit Pistons,,Los Angeles Lakers,,,,,
Mon Jan 6 2020,7:00p,Indiana Pacers,,Charlotte Hornets,,,,,
Mon Jan 6 2020,7:00p,Brooklyn Nets,,Orlando Magic,,,,,
Mon Jan 6 2020,7:00p,Oklahoma City Thunder,,Philadelphia 76ers,,,,,
Mon Jan 6 2020,7:00p,Boston Celtics,,Washington Wizards,,,,,
Mon Jan 6 2020,7:30p,Denver Nuggets,,Atlanta Hawks,,,,,
Mon Jan 6 2020,8:00p,Utah Jazz,,New Orleans Pelicans,,,,,
Mon Jan 6 2020,8:30p,Chicago Bulls,,Dallas Mavericks,,,,,
Mon Jan 6 2020,8:30p,Milwaukee Bucks,,San Antonio Spurs,,,,,
Mon Jan 6 2020,10:00p,Golden State Warriors,,Sacramento Kings,,,,,
Tue Jan 7 2020,7:00p,Detroit Pistons,,Cleveland Cavaliers,,,,,
Tue Jan 7 2020,7:00p,Portland Trail Blazers,,Toronto Raptors,,,,,
Tue Jan 7 2020,7:30p,Oklahoma City Thunder,,Brooklyn Nets,,,,,
Tue Jan 7 2020,8:00p,Minnesota Timberwolves,,Memphis Grizzlies,,,,,
Tue Jan 7 2020,9:00p,Sacramento Kings,,Phoenix Suns,,,,,
Tue Jan 7 2020,10:30p,New York Knicks,,Los Angeles Lakers,,,,,
Wed Jan 8 2020,7:00p,San Antonio Spurs,,Boston Celtics,,,,,
Wed Jan 8 2020,7:00p,Toronto Raptors,,Charlotte Hornets,,,,,
Wed Jan 8 2020,7:00p,Miami Heat,,Indiana Pacers,,,,,
Wed Jan 8 2020,7:00p,Washington Wizards,,Orlando Magic,,,,,
Wed Jan 8 2020,7:30p,Houston Rockets,,Atlanta Hawks,,,,,
Wed Jan 8 2020,7:30p,Denver Nuggets,,Dallas Mavericks,,,,,
Wed Jan 8 2020,8:00p,Chicago Bulls,,New Orleans Pelicans,,,,,
Wed Jan 8 2020,9:00p,New York Knicks,,Utah Jazz,,,,,
Wed Jan 8 2020,10:00p,Milwaukee Bucks,,Golden State Warriors,,,,,
Thu Jan 9 2020,7:00p,Cleveland Cavaliers,,Detroit Pistons,,,,,
Thu Jan 9 2020,7:00p,Boston Celtics,,Philadelphia 76ers,,,,,
Thu Jan 9 2020,8:00p,Portland Trail Blazers,,Minnesota Timberwolves,,,,,
Thu Jan 9 2020,9:30p,Houston Rockets,,Oklahoma City Thunder,,,,,
Fri Jan 10 2020,7:00p,Atlanta Hawks,,Washington Wizards,,,,,
Fri Jan 10 2020,7:30p,Miami Heat,,Brooklyn Nets,,,,,
Fri Jan 10 2020,8:00p,Indiana Pacers,,Chicago Bulls,,,,,
Fri Jan 10 2020,8:00p,San Antonio Spurs,,Memphis Grizzlies,,,,,
Fri Jan 10 2020,8:00p,New Orleans Pelicans,,New York Knicks,,,,,
Fri Jan 10 2020,8:30p,Los Angeles Lakers,,Dallas Mavericks,,,,,
Fri Jan 10 2020,9:00p,Orlando Magic,,Phoenix Suns,,,,,
Fri Jan 10 2020,9:00p,Charlotte Hornets,,Utah Jazz,,,,,
Fri Jan 10 2020,10:00p,Milwaukee Bucks,,Sacramento Kings,,,,,
Fri Jan 10 2020,10:30p,Golden State Warriors,,Los Angeles Clippers,,,,,
Sat Jan 11 2020,5:00p,Minnesota Timberwolves,,Houston Rockets,,,,,
Sat Jan 11 2020,7:00p,New Orleans Pelicans,,Boston Celtics,,,,,
Sat Jan 11 2020,7:00p,Chicago Bulls,,Detroit Pistons,,,,,
Sat Jan 11 2020,8:00p,Los Angeles Lakers,,Oklahoma City Thunder,,,,,
Sat Jan 11 2020,8:30p,Philadelphia 76ers,,Dallas Mavericks,,,,,
Sat Jan 11 2020,9:00p,Cleveland Cavaliers,,Denver Nuggets,,,,,
Sat Jan 11 2020,10:00p,Milwaukee Bucks,,Portland Trail Blazers,,,,,
Sun Jan 12 2020,3:30p,Miami Heat,,New York Knicks,,,,,
Sun Jan 12 2020,3:30p,Utah Jazz,,Washington Wizards,,,,,
Sun Jan 12 2020,6:00p,Atlanta Hawks,,Brooklyn Nets,,,,,
Sun Jan 12 2020,6:00p,Golden State Warriors,,Memphis Grizzlies,,,,,
Sun Jan 12 2020,6:00p,San Antonio Spurs,,Toronto Raptors,,,,,
Sun Jan 12 2020,8:00p,Los Angeles Clippers,,Denver Nuggets,,,,,
Sun Jan 12 2020,8:00p,Charlotte Hornets,,Phoenix Suns,,,,,
Mon Jan 13 2020,7:00p,New Orleans Pelicans,,Detroit Pistons,,,,,
Mon Jan 13 2020,7:00p,Philadelphia 76ers,,Indiana Pacers,,,,,
Mon Jan 13 2020,7:30p,Chicago Bulls,,Boston Celtics,,,,,
Mon Jan 13 2020,8:00p,Oklahoma City Thunder,,Minnesota Timberwolves,,,,,
Mon Jan 13 2020,10:00p,Charlotte Hornets,,Portland Trail Blazers,,,,,
Mon Jan 13 2020,10:00p,Orlando Magic,,Sacramento Kings,,,,,
Mon Jan 13 2020,10:30p,Cleveland Cavaliers,,Los Angeles Lakers,,,,,
Tue Jan 14 2020,7:30p,Phoenix Suns,,Atlanta Hawks,,,,,
Tue Jan 14 2020,7:30p,Utah Jazz,,Brooklyn Nets,,,,,
Tue Jan 14 2020,8:00p,Houston Rockets,,Memphis Grizzlies,,,,,
Tue Jan 14 2020,8:00p,New York Knicks,,Milwaukee Bucks,,,,,
Tue Jan 14 2020,10:30p,Dallas Mavericks,,Golden State Warriors,,,,,
Tue Jan 14 2020,10:30p,Cleveland Cavaliers,,Los Angeles Clippers,,,,,
Wed Jan 15 2020,7:00p,Detroit Pistons,,Boston Celtics,,,,,
Wed Jan 15 2020,7:00p,Brooklyn Nets,,Philadelphia 76ers,,,,,
Wed Jan 15 2020,7:30p,San Antonio Spurs,,Miami Heat,,,,,
Wed Jan 15 2020,8:00p,Washington Wizards,,Chicago Bulls,,,,,
Wed Jan 15 2020,8:00p,Indiana Pacers,,Minnesota Timberwolves,,,,,
Wed Jan 15 2020,8:00p,Toronto Raptors,,Oklahoma City Thunder,,,,,
Wed Jan 15 2020,9:00p,Charlotte Hornets,,Denver Nuggets,,,,,
Wed Jan 15 2020,9:30p,Portland Trail Blazers,,Houston Rockets,,,,,
Wed Jan 15 2020,10:00p,Dallas Mavericks,,Sacramento Kings,,,,,
Wed Jan 15 2020,10:30p,Orlando Magic,,Los Angeles Lakers,,,,,
Thu Jan 16 2020,7:30p,Phoenix Suns,,New York Knicks,,,,,
Thu Jan 16 2020,8:00p,Boston Celtics,,Milwaukee Bucks,,,,,
Thu Jan 16 2020,8:00p,Utah Jazz,,New Orleans Pelicans,,,,,
Thu Jan 16 2020,10:30p,Denver Nuggets,,Golden State Warriors,,,,,
Thu Jan 16 2020,10:30p,Orlando Magic,,Los Angeles Clippers,,,,,
Fri Jan 17 2020,7:00p,Minnesota Timberwolves,,Indiana Pacers,,,,,
Fri Jan 17 2020,7:00p,Chicago Bulls,,Philadelphia 76ers,,,,,
Fri Jan 17 2020,7:00p,Washington Wizards,,Toronto Raptors,,,,,
Fri Jan 17 2020,8:00p,Cleveland Cavaliers,,Memphis Grizzlies,,,,,
Fri Jan 17 2020,8:00p,Miami Heat,,Oklahoma City Thunder,,,,,
Fri Jan 17 2020,8:30p,Atlanta Hawks,,San Antonio Spurs,,,,,
Fri Jan 17 2020,9:30p,Portland Trail Blazers,,Dallas Mavericks,,,,,
Sat Jan 18 2020,3:30p,Los Angeles Clippers,,New Orleans Pelicans,,,,,
Sat Jan 18 2020,6:00p,Milwaukee Bucks,,Brooklyn Nets,,,,,
Sat Jan 18 2020,7:00p,Phoenix Suns,,Boston Celtics,,,,,
Sat Jan 18 2020,7:30p,Detroit Pistons,,Atlanta Hawks,,,,,
Sat Jan 18 2020,7:30p,Philadelphia 76ers,,New York Knicks,,,,,
Sat Jan 18 2020,8:00p,Cleveland Cavaliers,,Chicago Bulls,,,,,
Sat Jan 18 2020,8:00p,Toronto Raptors,,Minnesota Timberwolves,,,,,
Sat Jan 18 2020,8:30p,Orlando Magic,,Golden State Warriors,,,,,
Sat Jan 18 2020,8:30p,Los Angeles Lakers,,Houston Rockets,,,,,
Sat Jan 18 2020,9:00p,Portland Trail Blazers,,Oklahoma City Thunder,,,,,
Sat Jan 18 2020,9:00p,Sacramento Kings,,Utah Jazz,,,,,
Sun Jan 19 2020,3:00p,Miami Heat,,San Antonio Spurs,,,,,
Sun Jan 19 2020,8:00p,Indiana Pacers,,Denver Nuggets,,,,,
Mon Jan 20 2020,2:00p,Detroit Pistons,,Washington Wizards,,,,,
Mon Jan 20 2020,2:30p,Toronto Raptors,,Atlanta Hawks,,,,,
Mon Jan 20 2020,3:00p,Philadelphia 76ers,,Brooklyn Nets,,,,,
Mon Jan 20 2020,5:00p,Orlando Magic,,Charlotte Hornets,,,,,
Mon Jan 20 2020,5:00p,New York Knicks,,Cleveland Cavaliers,,,,,
Mon Jan 20 2020,5:00p,Oklahoma City Thunder,,Houston Rockets,,,,,
Mon Jan 20 2020,5:00p,New Orleans Pelicans,,Memphis Grizzlies,,,,,
Mon Jan 20 2020,5:00p,Sacramento Kings,,Miami Heat,,,,,
Mon Jan 20 2020,5:00p,Chicago Bulls,,Milwaukee Bucks,,,,,
Mon Jan 20 2020,7:30p,Los Angeles Lakers,,Boston Celtics,,,,,
Mon Jan 20 2020,8:00p,Denver Nuggets,,Minnesota Timberwolves,,,,,
Mon Jan 20 2020,9:00p,San Antonio Spurs,,Phoenix Suns,,,,,
Mon Jan 20 2020,9:00p,Indiana Pacers,,Utah Jazz,,,,,
Mon Jan 20 2020,10:00p,Golden State Warriors,,Portland Trail Blazers,,,,,
Tue Jan 21 2020,8:30p,Los Angeles Clippers,,Dallas Mavericks,,,,,
Wed Jan 22 2020,7:00p,Sacramento Kings,,Detroit Pistons,,,,,
Wed Jan 22 2020,7:00p,Oklahoma City Thunder,,Orlando Magic,,,,,
Wed Jan 22 2020,7:30p,Los Angeles Clippers,,Atlanta Hawks,,,,,
Wed Jan 22 2020,7:30p,Memphis Grizzlies,,Boston Celtics,,,,,
Wed Jan 22 2020,7:30p,Washington Wizards,,Miami Heat,,,,,
Wed Jan 22 2020,7:30p,Los Angeles Lakers,,New York Knicks,,,,,
Wed Jan 22 2020,7:30p,Philadelphia 76ers,,Toronto Raptors,,,,,
Wed Jan 22 2020,8:00p,Minnesota Timberwolves,,Chicago Bulls,,,,,
Wed Jan 22 2020,8:00p,Denver Nuggets,,Houston Rockets,,,,,
Wed Jan 22 2020,8:00p,San Antonio Spurs,,New Orleans Pelicans,,,,,
Wed Jan 22 2020,9:00p,Indiana Pacers,,Phoenix Suns,,,,,
Wed Jan 22 2020,10:00p,Utah Jazz,,Golden State Warriors,,,,,
Thu Jan 23 2020,7:00p,Washington Wizards,,Cleveland Cavaliers,,,,,
Thu Jan 23 2020,8:00p,Los Angeles Lakers,,Brooklyn Nets,,,,,
Thu Jan 23 2020,10:30p,Dallas Mavericks,,Portland Trail Blazers,,,,,
Fri Jan 24 2020,3:00p,Milwaukee Bucks,,Charlotte Hornets,,,,,at Paris France
Fri Jan 24 2020,7:00p,Memphis Grizzlies,,Detroit Pistons,,,,,
Fri Jan 24 2020,7:00p,Boston Celtics,,Orlando Magic,,,,,
Fri Jan 24 2020,7:30p,Toronto Raptors,,New York Knicks,,,,,
Fri Jan 24 2020,8:00p,Sacramento Kings,,Chicago Bulls,,,,,
Fri Jan 24 2020,8:00p,Los Angeles Clippers,,Miami Heat,,,,,
Fri Jan 24 2020,8:00p,Houston Rockets,,Minnesota Timberwolves,,,,,
Fri Jan 24 2020,8:00p,Denver Nuggets,,New Orleans Pelicans,,,,,
Fri Jan 24 2020,8:00p,Atlanta Hawks,,Oklahoma City Thunder,,,,,
Fri Jan 24 2020,8:30p,Phoenix Suns,,San Antonio Spurs,,,,,
Fri Jan 24 2020,10:30p,Indiana Pacers,,Golden State Warriors,,,,,
Sat Jan 25 2020,5:00p,Dallas Mavericks,,Utah Jazz,,,,,
Sat Jan 25 2020,7:00p,Brooklyn Nets,,Detroit Pistons,,,,,
Sat Jan 25 2020,8:00p,Chicago Bulls,,Cleveland Cavaliers,,,,,
Sat Jan 25 2020,8:00p,Oklahoma City Thunder,,Minnesota Timberwolves,,,,,
Sat Jan 25 2020,8:30p,Los Angeles Lakers,,Philadelphia 76ers,,,,,
Sun Jan 26 2020,3:30p,Houston Rockets,,Denver Nuggets,,,,,
Sun Jan 26 2020,4:00p,Toronto Raptors,,San Antonio Spurs,,,,,
Sun Jan 26 2020,6:00p,Washington Wizards,,Atlanta Hawks,,,,,
Sun Jan 26 2020,6:00p,Phoenix Suns,,Memphis Grizzlies,,,,,
Sun Jan 26 2020,6:00p,Boston Celtics,,New Orleans Pelicans,,,,,
Sun Jan 26 2020,6:00p,Brooklyn Nets,,New York Knicks,,,,,
Sun Jan 26 2020,6:00p,Los Angeles Clippers,,Orlando Magic,,,,,
Sun Jan 26 2020,9:00p,Indiana Pacers,,Portland Trail Blazers,,,,,
Mon Jan 27 2020,7:00p,Cleveland Cavaliers,,Detroit Pistons,,,,,
Mon Jan 27 2020,7:30p,Orlando Magic,,Miami Heat,,,,,
Mon Jan 27 2020,8:00p,San Antonio Spurs,,Chicago Bulls,,,,,
Mon Jan 27 2020,8:00p,Sacramento Kings,,Minnesota Timberwolves,,,,,
Mon Jan 27 2020,8:00p,Dallas Mavericks,,Oklahoma City Thunder,,,,,
Mon Jan 27 2020,9:00p,Houston Rockets,,Utah Jazz,,,,,
Tue Jan 28 2020,7:00p,New York Knicks,,Charlotte Hornets,,,,,
Tue Jan 28 2020,7:00p,Golden State Warriors,,Philadelphia 76ers,,,,,
Tue Jan 28 2020,7:30p,New Orleans Pelicans,,Cleveland Cavaliers,,,,,
Tue Jan 28 2020,7:30p,Boston Celtics,,Miami Heat,,,,,
Tue Jan 28 2020,7:30p,Atlanta Hawks,,Toronto Raptors,,,,,
Tue Jan 28 2020,8:00p,Denver Nuggets,,Memphis Grizzlies,,,,,
Tue Jan 28 2020,8:00p,Washington Wizards,,Milwaukee Bucks,,,,,
Tue Jan 28 2020,8:30p,Phoenix Suns,,Dallas Mavericks,,,,,
Tue Jan 28 2020,10:00p,Los Angeles Clippers,,Los Angeles Lakers,,,,,
Wed Jan 29 2020,7:00p,Chicago Bulls,,Indiana Pacers,,,,,
Wed Jan 29 2020,7:30p,Detroit Pistons,,Brooklyn Nets,,,,,
Wed Jan 29 2020,7:30p,Memphis Grizzlies,,New York Knicks,,,,,
Wed Jan 29 2020,8:30p,Utah Jazz,,San Antonio Spurs,,,,,
Wed Jan 29 2020,10:00p,Houston Rockets,,Portland Trail Blazers,,,,,
Wed Jan 29 2020,10:00p,Oklahoma City Thunder,,Sacramento Kings,,,,,
Thu Jan 30 2020,7:00p,Toronto Raptors,,Cleveland Cavaliers,,,,,
Thu Jan 30 2020,7:00p,Charlotte Hornets,,Washington Wizards,,,,,
Thu Jan 30 2020,7:30p,Philadelphia 76ers,,Atlanta Hawks,,,,,
Thu Jan 30 2020,8:00p,Golden State Warriors,,Boston Celtics,,,,,
Thu Jan 30 2020,10:30p,Utah Jazz,,Denver Nuggets,,,,,
Thu Jan 30 2020,10:30p,Sacramento Kings,,Los Angeles Clippers,,,,,
Fri Jan 31 2020,7:00p,Toronto Raptors,,Detroit Pistons,,,,,
Fri Jan 31 2020,7:30p,Chicago Bulls,,Brooklyn Nets,,,,,
Fri Jan 31 2020,8:00p,Dallas Mavericks,,Houston Rockets,,,,,
Fri Jan 31 2020,8:00p,Memphis Grizzlies,,New Orleans Pelicans,,,,,
Fri Jan 31 2020,9:00p,Denver Nuggets,,Milwaukee Bucks,,,,,
Fri Jan 31 2020,9:00p,Oklahoma City Thunder,,Phoenix Suns,,,,,
Fri Jan 31 2020,10:30p,Portland Trail Blazers,,Los Angeles Lakers,,,,,
Mon Dec 23 2019,7:00p,Atlanta Hawks,,Cleveland Cavaliers,,,,,
Mon Dec 23 2019,7:00p,Philadelphia 76ers,,Detroit Pistons,,,,,
Mon Dec 23 2019,7:00p,Toronto Raptors,,Indiana Pacers,,,,,
Mon Dec 23 2019,7:00p,Washington Wizards,,New York Knicks,,,,,
Mon Dec 23 2019,7:00p,Chicago Bulls,,Orlando Magic,,,,,
Mon Dec 23 2019,7:30p,Utah Jazz,,Miami Heat,,,,,
Mon Dec 23 2019,8:00p,San Antonio Spurs,,Memphis Grizzlies,,,,,
Mon Dec 23 2019,9:00p,Denver Nuggets,,Phoenix Suns,,,,,
Mon Dec 23 2019,10:00p,New Orleans Pelicans,,Portland Trail Blazers,,,,,
Mon Dec 23 2019,10:00p,Houston Rockets,,Sacramento Kings,,,,,
Mon Dec 23 2019,10:30p,Minnesota Timberwolves,,Golden State Warriors,,,,,
Wed Dec 25 2019,12:00p,Boston Celtics,,Toronto Raptors,,,,,
Wed Dec 25 2019,2:30p,Milwaukee Bucks,,Philadelphia 76ers,,,,,
Wed Dec 25 2019,5:00p,Houston Rockets,,Golden State Warriors,,,,,
Wed Dec 25 2019,8:00p,Los Angeles Clippers,,Los Angeles Lakers,,,,,
Wed Dec 25 2019,10:30p,New Orleans Pelicans,,Denver Nuggets,,,,,
Thu Dec 26 2019,7:00p,Washington Wizards,,Detroit Pistons,,,,,
Thu Dec 26 2019,8:00p,New York Knicks,,Brooklyn Nets,,,,,
Thu Dec 26 2019,8:00p,Memphis Grizzlies,,Oklahoma City Thunder,,,,,
Thu Dec 26 2019,8:30p,San Antonio Spurs,,Dallas Mavericks,,,,,
Thu Dec 26 2019,10:00p,Minnesota Timberwolves,,Sacramento Kings,,,,,
Thu Dec 26 2019,10:30p,Portland Trail Blazers,,Utah Jazz,,,,,
Fri Dec 27 2019,4:00p,Cleveland Cavaliers,,Boston Celtics,,,,,
Fri Dec 27 2019,7:00p,Oklahoma City Thunder,,Charlotte Hornets,,,,,
Fri Dec 27 2019,7:00p,Philadelphia 76ers,,Orlando Magic,,,,,
Fri Dec 27 2019,7:30p,Milwaukee Bucks,,Atlanta Hawks,,,,,
Fri Dec 27 2019,8:00p,Indiana Pacers,,Miami Heat,,,,,
Fri Dec 27 2019,10:30p,Phoenix Suns,,Golden State Warriors,,,,,
Sat Dec 28 2019,5:00p,Memphis Grizzlies,,Denver Nuggets,,,,,
Sat Dec 28 2019,7:00p,Toronto Raptors,,Boston Celtics,,,,,
Sat Dec 28 2019,7:00p,Indiana Pacers,,New Orleans Pelicans,,,,,
Sat Dec 28 2019,8:00p,Atlanta Hawks,,Chicago Bulls,,,,,
Sat Dec 28 2019,8:00p,Brooklyn Nets,,Houston Rockets,,,,,
Sat Dec 28 2019,8:00p,Philadelphia 76ers,,Miami Heat,,,,,
Sat Dec 28 2019,8:00p,Cleveland Cavaliers,,Minnesota Timberwolves,,,,,
Sat Dec 28 2019,8:00p,New York Knicks,,Washington Wizards,,,,,
Sat Dec 28 2019,8:30p,Dallas Mavericks,,Golden State Warriors,,,,,
Sat Dec 28 2019,8:30p,Orlando Magic,,Milwaukee Bucks,,,,,
Sat Dec 28 2019,8:30p,Detroit Pistons,,San Antonio Spurs,,,,,
Sat Dec 28 2019,9:00p,Phoenix Suns,,Sacramento Kings,,,,,
Sat Dec 28 2019,10:00p,Los Angeles Lakers,,Portland Trail Blazers,,,,,
Sat Dec 28 2019,10:30p,Utah Jazz,,Los Angeles Clippers,,,,,
Sun Dec 29 2019,6:00p,Oklahoma City Thunder,,Toronto Raptors,,,,,
Sun Dec 29 2019,8:00p,Sacramento Kings,,Denver Nuggets,,,,,
Sun Dec 29 2019,8:00p,Charlotte Hornets,,Memphis Grizzlies,,,,,
Sun Dec 29 2019,8:00p,Houston Rockets,,New Orleans Pelicans,,,,,
Sun Dec 29 2019,9:30p,Dallas Mavericks,,Los Angeles Lakers,,,,,
Mon Dec 30 2019,7:00p,Atlanta Hawks,,Orlando Magic,,,,,
Mon Dec 30 2019,7:00p,Miami Heat,,Washington Wizards,,,,,
Mon Dec 30 2019,8:00p,Milwaukee Bucks,,Chicago Bulls,,,,,
Mon Dec 30 2019,8:00p,Brooklyn Nets,,Minnesota Timberwolves,,,,,
Mon Dec 30 2019,9:00p,Detroit Pistons,,Utah Jazz,,,,,
Mon Dec 30 2019,10:00p,Phoenix Suns,,Portland Trail Blazers,,,,,
Tue Dec 31 2019,3:00p,Boston Celtics,,Charlotte Hornets,,,,,
Tue Dec 31 2019,3:00p,Philadelphia 76ers,,Indiana Pacers,,,,,
Tue Dec 31 2019,5:00p,Los Angeles Clippers,,Sacramento Kings,,,,,
Tue Dec 31 2019,7:00p,Denver Nuggets,,Houston Rockets,,,,,
Tue Dec 31 2019,7:00p,Golden State Warriors,,San Antonio Spurs,,,,,
Tue Dec 31 2019,7:00p,Cleveland Cavaliers,,Toronto Raptors,,,,,
Tue Dec 31 2019,8:00p,Dallas Mavericks,,Oklahoma City Thunder,,,,,
Sat Feb 1 2020,3:30p,Minnesota Timberwolves,,Los Angeles Clippers,,,,,
Sat Feb 1 2020,7:00p,New York Knicks,,Indiana Pacers,,,,,
Sat Feb 1 2020,7:00p,Miami Heat,,Orlando Magic,,,,,
Sat Feb 1 2020,8:00p,Golden State Warriors,,Cleveland Cavaliers,,,,,
Sat Feb 1 2020,8:00p,Brooklyn Nets,,Washington Wizards,,,,,
Sat Feb 1 2020,8:30p,Philadelphia 76ers,,Boston Celtics,,,,,
Sat Feb 1 2020,8:30p,Atlanta Hawks,,Dallas Mavericks,,,,,
Sat Feb 1 2020,9:00p,Charlotte Hornets,,San Antonio Spurs,,,,,
Sat Feb 1 2020,10:00p,Utah Jazz,,Portland Trail Blazers,,,,,
Sat Feb 1 2020,10:00p,Los Angeles Lakers,,Sacramento Kings,,,,,
Sun Feb 2 2020,12:30p,Denver Nuggets,,Detroit Pistons,,,,,
Sun Feb 2 2020,2:00p,New Orleans Pelicans,,Houston Rockets,,,,,
Sun Feb 2 2020,2:00p,Phoenix Suns,,Milwaukee Bucks,,,,,
Sun Feb 2 2020,3:00p,Chicago Bulls,,Toronto Raptors,,,,,
Mon Feb 3 2020,7:00p,Orlando Magic,,Charlotte Hornets,,,,,
Mon Feb 3 2020,7:00p,New York Knicks,,Cleveland Cavaliers,,,,,
Mon Feb 3 2020,7:00p,Dallas Mavericks,,Indiana Pacers,,,,,
Mon Feb 3 2020,7:00p,Golden State Warriors,,Washington Wizards,,,,,
Mon Feb 3 2020,7:30p,Boston Celtics,,Atlanta Hawks,,,,,
Mon Feb 3 2020,7:30p,Phoenix Suns,,Brooklyn Nets,,,,,
Mon Feb 3 2020,7:30p,Philadelphia 76ers,,Miami Heat,,,,,
Mon Feb 3 2020,8:00p,Detroit Pistons,,Memphis Grizzlies,,,,,
Mon Feb 3 2020,10:00p,Minnesota Timberwolves,,Sacramento Kings,,,,,
Mon Feb 3 2020,10:30p,San Antonio Spurs,,Los Angeles Clippers,,,,,
Tue Feb 4 2020,7:30p,Milwaukee Bucks,,New Orleans Pelicans,,,,,
Tue Feb 4 2020,8:00p,Charlotte Hornets,,Houston Rockets,,,,,
Tue Feb 4 2020,10:00p,Portland Trail Blazers,,Denver Nuggets,,,,,
Tue Feb 4 2020,10:30p,San Antonio Spurs,,Los Angeles Lakers,,,,,
Wed Feb 5 2020,7:00p,Phoenix Suns,,Detroit Pistons,,,,,
Wed Feb 5 2020,7:30p,Orlando Magic,,Boston Celtics,,,,,
Wed Feb 5 2020,7:30p,Golden State Warriors,,Brooklyn Nets,,,,,
Wed Feb 5 2020,7:30p,Indiana Pacers,,Toronto Raptors,,,,,
Wed Feb 5 2020,8:00p,Atlanta Hawks,,Minnesota Timberwolves,,,,,
Wed Feb 5 2020,8:00p,Cleveland Cavaliers,,Oklahoma City Thunder,,,,,
Wed Feb 5 2020,8:30p,Memphis Grizzlies,,Dallas Mavericks,,,,,
Wed Feb 5 2020,10:00p,Denver Nuggets,,Utah Jazz,,,,,
Wed Feb 5 2020,10:30p,Miami Heat,,Los Angeles Clippers,,,,,
Thu Feb 6 2020,7:30p,Orlando Magic,,New York Knicks,,,,,
Thu Feb 6 2020,8:00p,New Orleans Pelicans,,Chicago Bulls,,,,,
Thu Feb 6 2020,8:00p,Philadelphia 76ers,,Milwaukee Bucks,,,,,
Thu Feb 6 2020,10:00p,San Antonio Spurs,,Portland Trail Blazers,,,,,
Thu Feb 6 2020,10:30p,Houston Rockets,,Los Angeles Lakers,,,,,
Fri Feb 7 2020,7:00p,Memphis Grizzlies,,Philadelphia 76ers,,,,,
Fri Feb 7 2020,7:00p,Dallas Mavericks,,Washington Wizards,,,,,
Fri Feb 7 2020,7:30p,Atlanta Hawks,,Boston Celtics,,,,,
Fri Feb 7 2020,8:00p,Toronto Raptors,,Indiana Pacers,,,,,
Fri Feb 7 2020,8:00p,Detroit Pistons,,Oklahoma City Thunder,,,,,
Fri Feb 7 2020,9:00p,Houston Rockets,,Phoenix Suns,,,,,
Fri Feb 7 2020,10:00p,Miami Heat,,Sacramento Kings,,,,,
Fri Feb 7 2020,10:30p,Portland Trail Blazers,,Utah Jazz,,,,,
Sat Feb 8 2020,5:00p,Milwaukee Bucks,,Orlando Magic,,,,,
Sat Feb 8 2020,7:00p,Dallas Mavericks,,Charlotte Hornets,,,,,
Sat Feb 8 2020,7:00p,New York Knicks,,Detroit Pistons,,,,,
Sat Feb 8 2020,7:30p,New Orleans Pelicans,,Indiana Pacers,,,,,
Sat Feb 8 2020,7:30p,Brooklyn Nets,,Toronto Raptors,,,,,
Sat Feb 8 2020,8:00p,Los Angeles Clippers,,Minnesota Timberwolves,,,,,
Sat Feb 8 2020,8:30p,Los Angeles Lakers,,Golden State Warriors,,,,,
Sat Feb 8 2020,9:00p,Denver Nuggets,,Phoenix Suns,,,,,
Sat Feb 8 2020,10:00p,San Antonio Spurs,,Sacramento Kings,,,,,
Sun Feb 9 2020,3:30p,Boston Celtics,,Oklahoma City Thunder,,,,,
Sun Feb 9 2020,6:00p,New York Knicks,,Atlanta Hawks,,,,,
Sun Feb 9 2020,6:00p,Chicago Bulls,,Philadelphia 76ers,,,,,
Sun Feb 9 2020,6:00p,Memphis Grizzlies,,Washington Wizards,,,,,
Sun Feb 9 2020,7:00p,Utah Jazz,,Houston Rockets,,,,,
Sun Feb 9 2020,7:30p,Los Angeles Clippers,,Cleveland Cavaliers,,,,,
Sun Feb 9 2020,9:00p,Miami Heat,,Portland Trail Blazers,,,,,
Mon Feb 10 2020,7:00p,Charlotte Hornets,,Detroit Pistons,,,,,
Mon Feb 10 2020,7:00p,Brooklyn Nets,,Indiana Pacers,,,,,
Mon Feb 10 2020,7:00p,Atlanta Hawks,,Orlando Magic,,,,,
Mon Feb 10 2020,7:30p,Minnesota Timberwolves,,Toronto Raptors,,,,,
Mon Feb 10 2020,8:00p,Sacramento Kings,,Milwaukee Bucks,,,,,
Mon Feb 10 2020,8:30p,Utah Jazz,,Dallas Mavericks,,,,,
Mon Feb 10 2020,9:00p,San Antonio Spurs,,Denver Nuggets,,,,,
Mon Feb 10 2020,10:30p,Miami Heat,,Golden State Warriors,,,,,
Mon Feb 10 2020,10:30p,Phoenix Suns,,Los Angeles Lakers,,,,,
Tue Feb 11 2020,7:00p,Los Angeles Clippers,,Philadelphia 76ers,,,,,
Tue Feb 11 2020,7:00p,Chicago Bulls,,Washington Wizards,,,,,
Tue Feb 11 2020,8:00p,Portland Trail Blazers,,New Orleans Pelicans,,,,,
Tue Feb 11 2020,8:00p,San Antonio Spurs,,Oklahoma City Thunder,,,,,
Tue Feb 11 2020,9:30p,Boston Celtics,,Houston Rockets,,,,,
Wed Feb 12 2020,7:00p,Atlanta Hawks,,Cleveland Cavaliers,,,,,
Wed Feb 12 2020,7:00p,Detroit Pistons,,Orlando Magic,,,,,
Wed Feb 12 2020,7:30p,Toronto Raptors,,Brooklyn Nets,,,,,
Wed Feb 12 2020,7:30p,Milwaukee Bucks,,Indiana Pacers,,,,,
Wed Feb 12 2020,7:30p,Washington Wizards,,New York Knicks,,,,,
Wed Feb 12 2020,8:00p,Portland Trail Blazers,,Memphis Grizzlies,,,,,
Wed Feb 12 2020,8:00p,Charlotte Hornets,,Minnesota Timberwolves,,,,,
Wed Feb 12 2020,8:30p,Sacramento Kings,,Dallas Mavericks,,,,,
Wed Feb 12 2020,9:00p,Golden State Warriors,,Phoenix Suns,,,,,
Wed Feb 12 2020,9:00p,Miami Heat,,Utah Jazz,,,,,
Wed Feb 12 2020,10:00p,Los Angeles Lakers,,Denver Nuggets,,,,,
Thu Feb 13 2020,8:00p,Los Angeles Clippers,,Boston Celtics,,,,,
Thu Feb 13 2020,8:00p,Oklahoma City Thunder,,New Orleans Pelicans,,,,,
Thu Feb 20 2020,7:00p,Milwaukee Bucks,,Detroit Pistons,,,,,
Thu Feb 20 2020,7:30p,Miami Heat,,Atlanta Hawks,,,,,
Thu Feb 20 2020,8:00p,Charlotte Hornets,,Chicago Bulls,,,,,
Thu Feb 20 2020,8:00p,Brooklyn Nets,,Philadelphia 76ers,,,,,
Thu Feb 20 2020,10:00p,Memphis Grizzlies,,Sacramento Kings,,,,,
Thu Feb 20 2020,10:30p,Houston Rockets,,Golden State Warriors,,,,,
Fri Feb 21 2020,7:00p,Dallas Mavericks,,Orlando Magic,,,,,
Fri Feb 21 2020,7:00p,Cleveland Cavaliers,,Washington Wizards,,,,,
Fri Feb 21 2020,7:30p,Indiana Pacers,,New York Knicks,,,,,
Fri Feb 21 2020,7:30p,Phoenix Suns,,Toronto Raptors,,,,,
Fri Feb 21 2020,8:00p,Boston Celtics,,Minnesota Timberwolves,,,,,
Fri Feb 21 2020,8:00p,Denver Nuggets,,Oklahoma City Thunder,,,,,
Fri Feb 21 2020,9:00p,San Antonio Spurs,,Utah Jazz,,,,,
Fri Feb 21 2020,10:30p,Memphis Grizzlies,,Los Angeles Lakers,,,,,
Fri Feb 21 2020,10:30p,New Orleans Pelicans,,Portland Trail Blazers,,,,,
Sat Feb 22 2020,3:30p,Sacramento Kings,,Los Angeles Clippers,,,,,
Sat Feb 22 2020,7:00p,Brooklyn Nets,,Charlotte Hornets,,,,,
Sat Feb 22 2020,7:30p,Dallas Mavericks,,Atlanta Hawks,,,,,
Sat Feb 22 2020,8:00p,Phoenix Suns,,Chicago Bulls,,,,,
Sat Feb 22 2020,8:00p,Cleveland Cavaliers,,Miami Heat,,,,,
Sat Feb 22 2020,8:30p,Philadelphia 76ers,,Milwaukee Bucks,,,,,
Sat Feb 22 2020,9:00p,Houston Rockets,,Utah Jazz,,,,,
Sun Feb 23 2020,3:30p,Boston Celtics,,Los Angeles Lakers,,,,,
Sun Feb 23 2020,6:00p,Minnesota Timberwolves,,Denver Nuggets,,,,,
Sun Feb 23 2020,6:00p,Indiana Pacers,,Toronto Raptors,,,,,
Sun Feb 23 2020,7:00p,Washington Wizards,,Chicago Bulls,,,,,
Sun Feb 23 2020,7:00p,San Antonio Spurs,,Oklahoma City Thunder,,,,,
Sun Feb 23 2020,8:30p,New Orleans Pelicans,,Golden State Warriors,,,,,
Sun Feb 23 2020,9:00p,Detroit Pistons,,Portland Trail Blazers,,,,,
Mon Feb 24 2020,7:00p,Miami Heat,,Cleveland Cavaliers,,,,,
Mon Feb 24 2020,7:00p,Atlanta Hawks,,Philadelphia 76ers,,,,,
Mon Feb 24 2020,7:00p,Milwaukee Bucks,,Washington Wizards,,,,,
Mon Feb 24 2020,7:30p,Orlando Magic,,Brooklyn Nets,,,,,
Mon Feb 24 2020,8:00p,New York Knicks,,Houston Rockets,,,,,
Mon Feb 24 2020,8:30p,Minnesota Timberwolves,,Dallas Mavericks,,,,,
Mon Feb 24 2020,9:00p,Phoenix Suns,,Utah Jazz,,,,,
Mon Feb 24 2020,10:30p,Memphis Grizzlies,,Los Angeles Clippers,,,,,
Tue Feb 25 2020,7:00p,Charlotte Hornets,,Indiana Pacers,,,,,
Tue Feb 25 2020,7:30p,Milwaukee Bucks,,Toronto Raptors,,,,,
Tue Feb 25 2020,8:00p,Oklahoma City Thunder,,Chicago Bulls,,,,,
Tue Feb 25 2020,9:00p,Detroit Pistons,,Denver Nuggets,,,,,
Tue Feb 25 2020,10:00p,New Orleans Pelicans,,Los Angeles Lakers,,,,,
Tue Feb 25 2020,10:00p,Boston Celtics,,Portland Trail Blazers,,,,,
Tue Feb 25 2020,10:30p,Sacramento Kings,,Golden State Warriors,,,,,
Wed Feb 26 2020,7:00p,New York Knicks,,Charlotte Hornets,,,,,
Wed Feb 26 2020,7:00p,Philadelphia 76ers,,Cleveland Cavaliers,,,,,
Wed Feb 26 2020,7:00p,Brooklyn Nets,,Washington Wizards,,,,,
Wed Feb 26 2020,7:30p,Orlando Magic,,Atlanta Hawks,,,,,
Wed Feb 26 2020,7:30p,Minnesota Timberwolves,,Miami Heat,,,,,
Wed Feb 26 2020,7:30p,Dallas Mavericks,,San Antonio Spurs,,,,,
Wed Feb 26 2020,8:00p,Memphis Grizzlies,,Houston Rockets,,,,,
Wed Feb 26 2020,9:00p,Los Angeles Clippers,,Phoenix Suns,,,,,
Wed Feb 26 2020,10:00p,Boston Celtics,,Utah Jazz,,,,,
Thu Feb 27 2020,7:00p,New York Knicks,,Philadelphia 76ers,,,,,
Thu Feb 27 2020,8:00p,Portland Trail Blazers,,Indiana Pacers,,,,,
Thu Feb 27 2020,8:00p,Sacramento Kings,,Oklahoma City Thunder,,,,,
Thu Feb 27 2020,10:30p,Los Angeles Lakers,,Golden State Warriors,,,,,
Fri Feb 28 2020,7:00p,Minnesota Timberwolves,,Orlando Magic,,,,,
Fri Feb 28 2020,7:30p,Brooklyn Nets,,Atlanta Hawks,,,,,
Fri Feb 28 2020,7:30p,Charlotte Hornets,,Toronto Raptors,,,,,
Fri Feb 28 2020,8:00p,Sacramento Kings,,Memphis Grizzlies,,,,,
Fri Feb 28 2020,8:00p,Dallas Mavericks,,Miami Heat,,,,,
Fri Feb 28 2020,8:00p,Oklahoma City Thunder,,Milwaukee Bucks,,,,,
Fri Feb 28 2020,8:00p,Cleveland Cavaliers,,New Orleans Pelicans,,,,,
Fri Feb 28 2020,9:00p,Detroit Pistons,,Phoenix Suns,,,,,
Fri Feb 28 2020,9:00p,Washington Wizards,,Utah Jazz,,,,,
Fri Feb 28 2020,10:30p,Denver Nuggets,,Los Angeles Clippers,,,,,
Sat Feb 29 2020,5:00p,Chicago Bulls,,New York Knicks,,,,,
Sat Feb 29 2020,7:30p,Portland Trail Blazers,,Atlanta Hawks,,,,,
Sat Feb 29 2020,7:30p,Brooklyn Nets,,Miami Heat,,,,,
Sat Feb 29 2020,8:00p,Indiana Pacers,,Cleveland Cavaliers,,,,,
Sat Feb 29 2020,8:00p,Los Angeles Lakers,,Memphis Grizzlies,,,,,
Sat Feb 29 2020,8:30p,Houston Rockets,,Boston Celtics,,,,,
Sat Feb 29 2020,8:30p,Orlando Magic,,San Antonio Spurs,,,,,
Sat Feb 29 2020,9:00p,Golden State Warriors,,Phoenix Suns,,,,,
Sun Mar 1 2020,1:00p,Milwaukee Bucks,,Charlotte Hornets,,,,,
Sun Mar 1 2020,3:30p,Philadelphia 76ers,,Los Angeles Clippers,,,,,
Sun Mar 1 2020,3:30p,Dallas Mavericks,,Minnesota Timberwolves,,,,,
Sun Mar 1 2020,6:00p,Toronto Raptors,,Denver Nuggets,,,,,
Sun Mar 1 2020,6:00p,Detroit Pistons,,Sacramento Kings,,,,,
Sun Mar 1 2020,8:00p,Los Angeles Lakers,,New Orleans Pelicans,,,,,
Sun Mar 1 2020,8:30p,Washington Wizards,,Golden State Warriors,,,,,
Mon Mar 2 2020,7:00p,Utah Jazz,,Cleveland Cavaliers,,,,,
Mon Mar 2 2020,7:00p,Houston Rockets,,New York Knicks,,,,,
Mon Mar 2 2020,7:00p,Portland Trail Blazers,,Orlando Magic,,,,,
Mon Mar 2 2020,7:30p,Memphis Grizzlies,,Atlanta Hawks,,,,,
Mon Mar 2 2020,7:30p,Milwaukee Bucks,,Miami Heat,,,,,
Mon Mar 2 2020,8:00p,Dallas Mavericks,,Chicago Bulls,,,,,
Mon Mar 2 2020,8:30p,Indiana Pacers,,San Antonio Spurs,,,,,
Tue Mar 3 2020,7:00p,San Antonio Spurs,,Charlotte Hornets,,,,,
Tue Mar 3 2020,7:30p,Brooklyn Nets,,Boston Celtics,,,,,
Tue Mar 3 2020,8:00p,Minnesota Timberwolves,,New Orleans Pelicans,,,,,
Tue Mar 3 2020,8:00p,Los Angeles Clippers,,Oklahoma City Thunder,,,,,
Tue Mar 3 2020,9:00p,Golden State Warriors,,Denver Nuggets,,,,,
Tue Mar 3 2020,9:00p,Toronto Raptors,,Phoenix Suns,,,,,
Tue Mar 3 2020,10:00p,Philadelphia 76ers,,Los Angeles Lakers,,,,,
Tue Mar 3 2020,10:00p,Washington Wizards,,Sacramento Kings,,,,,
Wed Mar 4 2020,7:00p,Boston Celtics,,Cleveland Cavaliers,,,,,
Wed Mar 4 2020,7:00p,Oklahoma City Thunder,,Detroit Pistons,,,,,
Wed Mar 4 2020,7:00p,Orlando Magic,,Miami Heat,,,,,
Wed Mar 4 2020,7:30p,Memphis Grizzlies,,Brooklyn Nets,,,,,
Wed Mar 4 2020,7:30p,Utah Jazz,,New York Knicks,,,,,
Wed Mar 4 2020,8:00p,Chicago Bulls,,Minnesota Timberwolves,,,,,
Wed Mar 4 2020,8:30p,New Orleans Pelicans,,Dallas Mavericks,,,,,
Wed Mar 4 2020,9:30p,Indiana Pacers,,Milwaukee Bucks,,,,,
Wed Mar 4 2020,10:00p,Washington Wizards,,Portland Trail Blazers,,,,,
Thu Mar 5 2020,7:00p,Denver Nuggets,,Charlotte Hornets,,,,,
Thu Mar 5 2020,8:00p,Los Angeles Clippers,,Houston Rockets,,,,,
Thu Mar 5 2020,10:00p,Philadelphia 76ers,,Sacramento Kings,,,,,
Thu Mar 5 2020,10:30p,Toronto Raptors,,Golden State Warriors,,,,,
Fri Mar 6 2020,7:00p,Atlanta Hawks,,Washington Wizards,,,,,
Fri Mar 6 2020,7:30p,San Antonio Spurs,,Brooklyn Nets,,,,,
Fri Mar 6 2020,7:30p,Oklahoma City Thunder,,New York Knicks,,,,,
Fri Mar 6 2020,8:00p,Utah Jazz,,Boston Celtics,,,,,
Fri Mar 6 2020,8:00p,Indiana Pacers,,Chicago Bulls,,,,,
Fri Mar 6 2020,8:00p,Orlando Magic,,Minnesota Timberwolves,,,,,
Fri Mar 6 2020,8:00p,Miami Heat,,New Orleans Pelicans,,,,,
Fri Mar 6 2020,8:30p,Memphis Grizzlies,,Dallas Mavericks,,,,,
Fri Mar 6 2020,9:00p,Portland Trail Blazers,,Phoenix Suns,,,,,
Fri Mar 6 2020,10:30p,Milwaukee Bucks,,Los Angeles Lakers,,,,,
Sat Mar 7 2020,5:00p,Houston Rockets,,Charlotte Hornets,,,,,
Sat Mar 7 2020,7:00p,Utah Jazz,,Detroit Pistons,,,,,
Sat Mar 7 2020,7:30p,Denver Nuggets,,Cleveland Cavaliers,,,,,
Sat Mar 7 2020,8:00p,Atlanta Hawks,,Memphis Grizzlies,,,,,
Sat Mar 7 2020,8:30p,Philadelphia 76ers,,Golden State Warriors,,,,,
Sat Mar 7 2020,10:00p,Sacramento Kings,,Portland Trail Blazers,,,,,
Sun Mar 8 2020,3:00p,Chicago Bulls,,Brooklyn Nets,,,,,
Sun Mar 8 2020,3:30p,Los Angeles Lakers,,Los Angeles Clippers,,,,,
Sun Mar 8 2020,3:30p,New Orleans Pelicans,,Minnesota Timberwolves,,,,,
Sun Mar 8 2020,6:00p,Oklahoma City Thunder,,Boston Celtics,,,,,
Sun Mar 8 2020,6:00p,Milwaukee Bucks,,Phoenix Suns,,,,,
Sun Mar 8 2020,7:00p,Indiana Pacers,,Dallas Mavericks,,,,,
Sun Mar 8 2020,7:00p,Orlando Magic,,Houston Rockets,,,,,
Sun Mar 8 2020,7:00p,Miami Heat,,Washington Wizards,,,,,
Sun Mar 8 2020,7:30p,San Antonio Spurs,,Cleveland Cavaliers,,,,,
Sun Mar 8 2020,7:30p,Detroit Pistons,,New York Knicks,,,,,
Sun Mar 8 2020,9:00p,Toronto Raptors,,Sacramento Kings,,,,,
Mon Mar 9 2020,7:30p,Charlotte Hornets,,Atlanta Hawks,,,,,
Mon Mar 9 2020,9:00p,Milwaukee Bucks,,Denver Nuggets,,,,,
Mon Mar 9 2020,9:00p,Toronto Raptors,,Utah Jazz,,,,,
Tue Mar 10 2020,7:00p,Boston Celtics,,Indiana Pacers,,,,,
Tue Mar 10 2020,7:00p,New York Knicks,,Washington Wizards,,,,,
Tue Mar 10 2020,8:00p,Cleveland Cavaliers,,Chicago Bulls,,,,,
Tue Mar 10 2020,8:00p,Minnesota Timberwolves,,Houston Rockets,,,,,
Tue Mar 10 2020,8:00p,Orlando Magic,,Memphis Grizzlies,,,,,
Tue Mar 10 2020,8:00p,Dallas Mavericks,,San Antonio Spurs,,,,,
Tue Mar 10 2020,10:00p,Phoenix Suns,,Portland Trail Blazers,,,,,
Tue Mar 10 2020,10:30p,Los Angeles Clippers,,Golden State Warriors,,,,,
Tue Mar 10 2020,10:30p,Brooklyn Nets,,Los Angeles Lakers,,,,,
Wed Mar 11 2020,7:30p,New York Knicks,,Atlanta Hawks,,,,,
Wed Mar 11 2020,7:30p,Charlotte Hornets,,Miami Heat,,,,,
Wed Mar 11 2020,7:30p,Detroit Pistons,,Philadelphia 76ers,,,,,
Wed Mar 11 2020,8:00p,Utah Jazz,,Oklahoma City Thunder,,,,,
Wed Mar 11 2020,8:30p,Denver Nuggets,,Dallas Mavericks,,,,,
Wed Mar 11 2020,10:00p,New Orleans Pelicans,,Sacramento Kings,,,,,
Thu Mar 12 2020,7:00p,Chicago Bulls,,Orlando Magic,,,,,
Thu Mar 12 2020,8:00p,Boston Celtics,,Milwaukee Bucks,,,,,
Thu Mar 12 2020,10:00p,Memphis Grizzlies,,Portland Trail Blazers,,,,,
Thu Mar 12 2020,10:30p,Brooklyn Nets,,Golden State Warriors,,,,,
Thu Mar 12 2020,10:30p,Houston Rockets,,Los Angeles Lakers,,,,,
Fri Mar 13 2020,7:00p,Cleveland Cavaliers,,Charlotte Hornets,,,,,
Fri Mar 13 2020,7:30p,Washington Wizards,,Boston Celtics,,,,,
Fri Mar 13 2020,8:00p,New York Knicks,,Miami Heat,,,,,
Fri Mar 13 2020,8:00p,Minnesota Timberwolves,,Oklahoma City Thunder,,,,,
Fri Mar 13 2020,8:30p,Denver Nuggets,,San Antonio Spurs,,,,,
Fri Mar 13 2020,9:00p,New Orleans Pelicans,,Utah Jazz,,,,,
Fri Mar 13 2020,10:30p,Brooklyn Nets,,Los Angeles Clippers,,,,,
Sat Mar 14 2020,2:00p,Phoenix Suns,,Dallas Mavericks,,,,,
Sat Mar 14 2020,7:30p,Cleveland Cavaliers,,Atlanta Hawks,,,,,
Sat Mar 14 2020,7:30p,Indiana Pacers,,Philadelphia 76ers,,,,,
Sat Mar 14 2020,7:30p,Detroit Pistons,,Toronto Raptors,,,,,
Sat Mar 14 2020,8:00p,Chicago Bulls,,Miami Heat,,,,,
Sat Mar 14 2020,8:30p,Golden State Warriors,,Milwaukee Bucks,,,,,
Sat Mar 14 2020,8:30p,Minnesota Timberwolves,,San Antonio Spurs,,,,,
Sat Mar 14 2020,9:00p,Memphis Grizzlies,,Utah Jazz,,,,,
Sat Mar 14 2020,10:30p,New Orleans Pelicans,,Los Angeles Clippers,,,,,
Sun Mar 15 2020,3:30p,Houston Rockets,,Portland Trail Blazers,,,,,
Sun Mar 15 2020,6:00p,Charlotte Hornets,,Orlando Magic,,,,,
Sun Mar 15 2020,6:00p,Oklahoma City Thunder,,Washington Wizards,,,,,
Sun Mar 15 2020,8:00p,Boston Celtics,,Chicago Bulls,,,,,
Sun Mar 15 2020,9:00p,Denver Nuggets,,Los Angeles Lakers,,,,,
Sun Mar 15 2020,9:00p,Brooklyn Nets,,Sacramento Kings,,,,,
Mon Mar 16 2020,7:00p,Washington Wizards,,Philadelphia 76ers,,,,,
Mon Mar 16 2020,8:00p,Miami Heat,,Milwaukee Bucks,,,,,
Mon Mar 16 2020,8:00p,Atlanta Hawks,,New Orleans Pelicans,,,,,
Mon Mar 16 2020,8:00p,Golden State Warriors,,Toronto Raptors,,,,,
Mon Mar 16 2020,8:30p,Memphis Grizzlies,,San Antonio Spurs,,,,,
Mon Mar 16 2020,9:00p,Los Angeles Lakers,,Utah Jazz,,,,,
Mon Mar 16 2020,10:30p,Dallas Mavericks,,Los Angeles Clippers,,,,,
Tue Mar 17 2020,7:00p,Orlando Magic,,Detroit Pistons,,,,,
Tue Mar 17 2020,7:30p,Charlotte Hornets,,New York Knicks,,,,,
Tue Mar 17 2020,8:00p,Cleveland Cavaliers,,Houston Rockets,,,,,
Tue Mar 17 2020,8:00p,Oklahoma City Thunder,,Memphis Grizzlies,,,,,
Tue Mar 17 2020,10:00p,Minnesota Timberwolves,,Portland Trail Blazers,,,,,
Tue Mar 17 2020,10:00p,Dallas Mavericks,,Sacramento Kings,,,,,
Wed Mar 18 2020,7:00p,Toronto Raptors,,Philadelphia 76ers,,,,,
Wed Mar 18 2020,7:30p,Oklahoma City Thunder,,Atlanta Hawks,,,,,
Wed Mar 18 2020,7:30p,New York Knicks,,Boston Celtics,,,,,
Wed Mar 18 2020,7:30p,Washington Wizards,,Brooklyn Nets,,,,,
Wed Mar 18 2020,7:30p,Golden State Warriors,,Indiana Pacers,,,,,
Wed Mar 18 2020,8:00p,Miami Heat,,Chicago Bulls,,,,,
Wed Mar 18 2020,8:00p,San Antonio Spurs,,New Orleans Pelicans,,,,,
Wed Mar 18 2020,9:00p,Los Angeles Clippers,,Denver Nuggets,,,,,
Wed Mar 18 2020,10:00p,Utah Jazz,,Los Angeles Lakers,,,,,
Wed Mar 18 2020,10:00p,Minnesota Timberwolves,,Phoenix Suns,,,,,
Thu Mar 19 2020,7:00p,Philadelphia 76ers,,Charlotte Hornets,,,,,
Thu Mar 19 2020,7:00p,Cleveland Cavaliers,,Orlando Magic,,,,,
Thu Mar 19 2020,8:00p,Sacramento Kings,,Houston Rockets,,,,,
Thu Mar 19 2020,8:00p,Memphis Grizzlies,,Milwaukee Bucks,,,,,
Thu Mar 19 2020,10:00p,Dallas Mavericks,,Portland Trail Blazers,,,,,
Fri Mar 20 2020,7:00p,Golden State Warriors,,Detroit Pistons,,,,,
Fri Mar 20 2020,7:00p,Miami Heat,,Indiana Pacers,,,,,
Fri Mar 20 2020,7:30p,Washington Wizards,,Atlanta Hawks,,,,,
Fri Mar 20 2020,7:30p,Boston Celtics,,Toronto Raptors,,,,,
Fri Mar 20 2020,8:00p,Denver Nuggets,,Oklahoma City Thunder,,,,,
Fri Mar 20 2020,8:30p,Chicago Bulls,,San Antonio Spurs,,,,,
Fri Mar 20 2020,9:00p,Minnesota Timberwolves,,Utah Jazz,,,,,
Fri Mar 20 2020,10:30p,Phoenix Suns,,Los Angeles Clippers,,,,,
Sat Mar 21 2020,6:00p,Boston Celtics,,Brooklyn Nets,,,,,
Sat Mar 21 2020,7:00p,Los Angeles Lakers,,Charlotte Hornets,,,,,
Sat Mar 21 2020,7:00p,Cleveland Cavaliers,,Indiana Pacers,,,,,
Sat Mar 21 2020,7:00p,Sacramento Kings,,Orlando Magic,,,,,
Sat Mar 21 2020,7:00p,Atlanta Hawks,,Philadelphia 76ers,,,,,
Sat Mar 21 2020,7:30p,Golden State Warriors,,New York Knicks,,,,,
Sat Mar 21 2020,8:00p,Chicago Bulls,,Houston Rockets,,,,,
Sat Mar 21 2020,8:00p,New Orleans Pelicans,,Memphis Grizzlies,,,,,
Sat Mar 21 2020,8:00p,Milwaukee Bucks,,Washington Wizards,,,,,
Sat Mar 21 2020,10:00p,Dallas Mavericks,,Phoenix Suns,,,,,
Sun Mar 22 2020,6:00p,Los Angeles Lakers,,Detroit Pistons,,,,,
Sun Mar 22 2020,6:00p,Denver Nuggets,,Toronto Raptors,,,,,
Sun Mar 22 2020,7:00p,Portland Trail Blazers,,Minnesota Timberwolves,,,,,
Sun Mar 22 2020,7:00p,Sacramento Kings,,New Orleans Pelicans,,,,,
Sun Mar 22 2020,7:00p,Utah Jazz,,San Antonio Spurs,,,,,
Mon Mar 23 2020,7:00p,Phoenix Suns,,Indiana Pacers,,,,,
Mon Mar 23 2020,7:00p,Los Angeles Clippers,,New York Knicks,,,,,
Mon Mar 23 2020,7:00p,Boston Celtics,,Washington Wizards,,,,,
Mon Mar 23 2020,7:30p,Orlando Magic,,Brooklyn Nets,,,,,
Mon Mar 23 2020,7:30p,Oklahoma City Thunder,,Miami Heat,,,,,
Mon Mar 23 2020,8:00p,Denver Nuggets,,Chicago Bulls,,,,,
Mon Mar 23 2020,8:00p,Detroit Pistons,,Milwaukee Bucks,,,,,
Mon Mar 23 2020,8:30p,Houston Rockets,,Dallas Mavericks,,,,,
Tue Mar 24 2020,7:00p,Portland Trail Blazers,,Charlotte Hornets,,,,,
Tue Mar 24 2020,7:00p,Sacramento Kings,,Cleveland Cavaliers,,,,,
Tue Mar 24 2020,7:30p,Los Angeles Lakers,,Toronto Raptors,,,,,
Tue Mar 24 2020,8:00p,Philadelphia 76ers,,Minnesota Timberwolves,,,,,
Tue Mar 24 2020,8:00p,Memphis Grizzlies,,New Orleans Pelicans,,,,,
Tue Mar 24 2020,10:00p,San Antonio Spurs,,Utah Jazz,,,,,
Wed Mar 25 2020,7:00p,Los Angeles Clippers,,Brooklyn Nets,,,,,
Wed Mar 25 2020,7:00p,Portland Trail Blazers,,Detroit Pistons,,,,,
Wed Mar 25 2020,7:00p,Indiana Pacers,,Orlando Magic,,,,,
Wed Mar 25 2020,7:00p,Phoenix Suns,,Washington Wizards,,,,,
Wed Mar 25 2020,7:30p,Denver Nuggets,,Miami Heat,,,,,
Wed Mar 25 2020,7:30p,Toronto Raptors,,New York Knicks,,,,,
Wed Mar 25 2020,8:00p,Boston Celtics,,Memphis Grizzlies,,,,,
Wed Mar 25 2020,9:30p,Houston Rockets,,Milwaukee Bucks,,,,,
Wed Mar 25 2020,10:30p,Atlanta Hawks,,Golden State Warriors,,,,,
Thu Mar 26 2020,7:00p,Los Angeles Lakers,,Cleveland Cavaliers,,,,,
Thu Mar 26 2020,8:00p,Philadelphia 76ers,,Chicago Bulls,,,,,
Thu Mar 26 2020,8:00p,San Antonio Spurs,,Minnesota Timberwolves,,,,,
Thu Mar 26 2020,8:00p,Charlotte Hornets,,Oklahoma City Thunder,,,,,
Thu Mar 26 2020,8:30p,Utah Jazz,,Dallas Mavericks,,,,,
Thu Mar 26 2020,10:00p,Atlanta Hawks,,Sacramento Kings,,,,,
Fri Mar 27 2020,7:00p,Los Angeles Clippers,,Detroit Pistons,,,,,
Fri Mar 27 2020,7:00p,Houston Rockets,,Indiana Pacers,,,,,
Fri Mar 27 2020,7:00p,Brooklyn Nets,,Orlando Magic,,,,,
Fri Mar 27 2020,7:00p,Phoenix Suns,,Philadelphia 76ers,,,,,
Fri Mar 27 2020,7:30p,Portland Trail Blazers,,Boston Celtics,,,,,
Fri Mar 27 2020,8:00p,New York Knicks,,New Orleans Pelicans,,,,,
Fri Mar 27 2020,8:30p,Washington Wizards,,Milwaukee Bucks,,,,,
Fri Mar 27 2020,9:00p,San Antonio Spurs,,Denver Nuggets,,,,,
Sat Mar 28 2020,6:00p,Cleveland Cavaliers,,Brooklyn Nets,,,,,
Sat Mar 28 2020,7:00p,Los Angeles Clippers,,Charlotte Hornets,,,,,
Sat Mar 28 2020,8:00p,New York Knicks,,Chicago Bulls,,,,,
Sat Mar 28 2020,8:00p,Toronto Raptors,,Memphis Grizzlies,,,,,
Sat Mar 28 2020,8:00p,Phoenix Suns,,Miami Heat,,,,,
Sat Mar 28 2020,8:00p,Los Angeles Lakers,,Washington Wizards,,,,,
Sat Mar 28 2020,8:30p,Oklahoma City Thunder,,Golden State Warriors,,,,,
Sat Mar 28 2020,9:00p,Atlanta Hawks,,Utah Jazz,,,,,
Sun Mar 29 2020,3:00p,Milwaukee Bucks,,Dallas Mavericks,,,,,
Sun Mar 29 2020,5:00p,Houston Rockets,,Detroit Pistons,,,,,
Sun Mar 29 2020,6:00p,Minnesota Timberwolves,,Boston Celtics,,,,,
Sun Mar 29 2020,6:00p,New Orleans Pelicans,,Orlando Magic,,,,,
Sun Mar 29 2020,7:30p,Portland Trail Blazers,,Philadelphia 76ers,,,,,
Sun Mar 29 2020,8:30p,San Antonio Spurs,,Golden State Warriors,,,,,
Sun Mar 29 2020,9:00p,Indiana Pacers,,Sacramento Kings,,,,,
Mon Mar 30 2020,7:00p,Miami Heat,,Charlotte Hornets,,,,,
Mon Mar 30 2020,7:00p,Phoenix Suns,,Cleveland Cavaliers,,,,,
Mon Mar 30 2020,7:30p,Portland Trail Blazers,,Brooklyn Nets,,,,,
Mon Mar 30 2020,7:30p,Memphis Grizzlies,,Toronto Raptors,,,,,
Mon Mar 30 2020,8:00p,Los Angeles Lakers,,Minnesota Timberwolves,,,,,
Mon Mar 30 2020,9:00p,Oklahoma City Thunder,,Denver Nuggets,,,,,
Mon Mar 30 2020,9:00p,Chicago Bulls,,Utah Jazz,,,,,
Mon Mar 30 2020,10:30p,Indiana Pacers,,Los Angeles Clippers,,,,,
Tue Mar 31 2020,7:30p,New Orleans Pelicans,,Atlanta Hawks,,,,,
Tue Mar 31 2020,7:30p,Houston Rockets,,Philadelphia 76ers,,,,,
Tue Mar 31 2020,10:00p,Denver Nuggets,,Golden State Warriors,,,,,
Tue Mar 31 2020,10:00p,San Antonio Spurs,,Sacramento Kings,,,,,
Wed Apr 1 2020,7:00p,Charlotte Hornets,,Orlando Magic,,,,,
Wed Apr 1 2020,7:00p,New Orleans Pelicans,,Washington Wizards,,,,,
Wed Apr 1 2020,7:30p,Miami Heat,,Boston Celtics,,,,,
Wed Apr 1 2020,7:30p,Detroit Pistons,,Brooklyn Nets,,,,,
Wed Apr 1 2020,8:00p,New York Knicks,,Memphis Grizzlies,,,,,
Wed Apr 1 2020,8:00p,Dallas Mavericks,,Minnesota Timberwolves,,,,,
Wed Apr 1 2020,8:00p,Phoenix Suns,,Oklahoma City Thunder,,,,,
Wed Apr 1 2020,9:00p,Toronto Raptors,,Milwaukee Bucks,,,,,
Wed Apr 1 2020,9:00p,Cleveland Cavaliers,,Utah Jazz,,,,,
Wed Apr 1 2020,10:30p,Indiana Pacers,,Los Angeles Lakers,,,,,
Thu Apr 2 2020,8:00p,Golden State Warriors,,Houston Rockets,,,,,
Thu Apr 2 2020,10:00p,Los Angeles Clippers,,Sacramento Kings,,,,,
Thu Apr 2 2020,10:30p,Utah Jazz,,Portland Trail Blazers,,,,,
Fri Apr 3 2020,7:00p,Miami Heat,,Detroit Pistons,,,,,
Fri Apr 3 2020,7:00p,Brooklyn Nets,,Indiana Pacers,,,,,
Fri Apr 3 2020,7:00p,Philadelphia 76ers,,Washington Wizards,,,,,
Fri Apr 3 2020,7:30p,Charlotte Hornets,,Atlanta Hawks,,,,,
Fri Apr 3 2020,7:30p,Orlando Magic,,Boston Celtics,,,,,
Fri Apr 3 2020,7:30p,Minnesota Timberwolves,,New York Knicks,,,,,
Fri Apr 3 2020,7:30p,Milwaukee Bucks,,Toronto Raptors,,,,,
Fri Apr 3 2020,8:00p,Dallas Mavericks,,Memphis Grizzlies,,,,,
Fri Apr 3 2020,8:30p,Golden State Warriors,,San Antonio Spurs,,,,,
Fri Apr 3 2020,9:00p,Chicago Bulls,,Denver Nuggets,,,,,
Fri Apr 3 2020,10:00p,Cleveland Cavaliers,,Phoenix Suns,,,,,
Sat Apr 4 2020,3:30p,Oklahoma City Thunder,,Los Angeles Clippers,,,,,
Sat Apr 4 2020,10:00p,Los Angeles Lakers,,Sacramento Kings,,,,,
Sun Apr 5 2020,1:00p,Atlanta Hawks,,Charlotte Hornets,,,,,
Sun Apr 5 2020,1:00p,Orlando Magic,,Philadelphia 76ers,,,,,
Sun Apr 5 2020,3:30p,Milwaukee Bucks,,Boston Celtics,,,,,
Sun Apr 5 2020,5:00p,Washington Wizards,,Indiana Pacers,,,,,
Sun Apr 5 2020,5:00p,Miami Heat,,New York Knicks,,,,,
Sun Apr 5 2020,6:00p,Dallas Mavericks,,Brooklyn Nets,,,,,
Sun Apr 5 2020,6:00p,Utah Jazz,,Denver Nuggets,,,,,
Sun Apr 5 2020,6:00p,Chicago Bulls,,Phoenix Suns,,,,,
Sun Apr 5 2020,7:00p,Toronto Raptors,,Houston Rockets,,,,,
Sun Apr 5 2020,7:00p,Detroit Pistons,,Minnesota Timberwolves,,,,,
Sun Apr 5 2020,7:00p,New Orleans Pelicans,,San Antonio Spurs,,,,,
Sun Apr 5 2020,9:00p,Memphis Grizzlies,,Portland Trail Blazers,,,,,
Sun Apr 5 2020,9:00p,Cleveland Cavaliers,,Sacramento Kings,,,,,
Sun Apr 5 2020,9:30p,Oklahoma City Thunder,,Los Angeles Lakers,,,,,
Tue Apr 7 2020,7:00p,Toronto Raptors,,Washington Wizards,,,,,
Tue Apr 7 2020,7:30p,Detroit Pistons,,Atlanta Hawks,,,,,
Tue Apr 7 2020,7:30p,Indiana Pacers,,Miami Heat,,,,,
Tue Apr 7 2020,7:30p,Milwaukee Bucks,,Philadelphia 76ers,,,,,
Tue Apr 7 2020,8:00p,Phoenix Suns,,Minnesota Timberwolves,,,,,
Tue Apr 7 2020,8:00p,Charlotte Hornets,,New Orleans Pelicans,,,,,
Tue Apr 7 2020,8:00p,Brooklyn Nets,,Oklahoma City Thunder,,,,,
Tue Apr 7 2020,8:30p,Houston Rockets,,Dallas Mavericks,,,,,
Tue Apr 7 2020,8:30p,Sacramento Kings,,San Antonio Spurs,,,,,
Tue Apr 7 2020,9:00p,Memphis Grizzlies,,Denver Nuggets,,,,,
Tue Apr 7 2020,10:00p,Cleveland Cavaliers,,Portland Trail Blazers,,,,,
Tue Apr 7 2020,10:00p,Los Angeles Clippers,,Utah Jazz,,,,,
Tue Apr 7 2020,10:30p,Chicago Bulls,,Los Angeles Lakers,,,,,
Wed Apr 8 2020,7:00p,Indiana Pacers,,Boston Celtics,,,,,
Wed Apr 8 2020,7:00p,Toronto Raptors,,Charlotte Hornets,,,,,
Wed Apr 8 2020,7:30p,Orlando Magic,,New York Knicks,,,,,
Wed Apr 8 2020,9:30p,San Antonio Spurs,,Houston Rockets,,,,,
Wed Apr 8 2020,10:30p,Cleveland Cavaliers,,Golden State Warriors,,,,,
Wed Apr 8 2020,10:30p,Chicago Bulls,,Los Angeles Clippers,,,,,
Thu Apr 9 2020,7:30p,Detroit Pistons,,Miami Heat,,,,,
Thu Apr 9 2020,8:00p,Brooklyn Nets,,Milwaukee Bucks,,,,,
Thu Apr 9 2020,8:00p,Sacramento Kings,,Minnesota Timberwolves,,,,,
Thu Apr 9 2020,8:00p,Phoenix Suns,,New Orleans Pelicans,,,,,
Thu Apr 9 2020,10:00p,Denver Nuggets,,Portland Trail Blazers,,,,,
Thu Apr 9 2020,10:30p,Golden State Warriors,,Los Angeles Lakers,,,,,
Fri Apr 10 2020,7:00p,Boston Celtics,,Orlando Magic,,,,,
Fri Apr 10 2020,7:30p,Atlanta Hawks,,Toronto Raptors,,,,,
Fri Apr 10 2020,8:00p,Washington Wizards,,Houston Rockets,,,,,
Fri Apr 10 2020,8:00p,New York Knicks,,Oklahoma City Thunder,,,,,
Fri Apr 10 2020,8:30p,Philadelphia 76ers,,San Antonio Spurs,,,,,
Sat Apr 11 2020,3:00p,Detroit Pistons,,Dallas Mavericks,,,,,
Sat Apr 11 2020,7:00p,Washington Wizards,,Charlotte Hornets,,,,,
Sat Apr 11 2020,7:00p,Orlando Magic,,Indiana Pacers,,,,,
Sat Apr 11 2020,7:00p,Philadelphia 76ers,,New Orleans Pelicans,,,,,
Sat Apr 11 2020,7:30p,Milwaukee Bucks,,Cleveland Cavaliers,,,,,
Sat Apr 11 2020,8:00p,Brooklyn Nets,,Chicago Bulls,,,,,
Sat Apr 11 2020,8:00p,Oklahoma City Thunder,,Memphis Grizzlies,,,,,
Sat Apr 11 2020,8:00p,Boston Celtics,,Miami Heat,,,,,
Sat Apr 11 2020,8:30p,Golden State Warriors,,Los Angeles Clippers,,,,,
Sat Apr 11 2020,9:00p,Sacramento Kings,,Denver Nuggets,,,,,
Sat Apr 11 2020,10:00p,Utah Jazz,,Phoenix Suns,,,,,
Sun Apr 12 2020,3:30p,Houston Rockets,,San Antonio Spurs,,,,,
Sun Apr 12 2020,6:00p,New York Knicks,,Toronto Raptors,,,,,
Sun Apr 12 2020,7:00p,Atlanta Hawks,,Milwaukee Bucks,,,,,
Sun Apr 12 2020,9:30p,Minnesota Timberwolves,,Los Angeles Lakers,,,,,
Mon Apr 13 2020,7:00p,Miami Heat,,Charlotte Hornets,,,,,
Mon Apr 13 2020,7:00p,Brooklyn Nets,,Cleveland Cavaliers,,,,,
Mon Apr 13 2020,7:00p,Boston Celtics,,Detroit Pistons,,,,,
Mon Apr 13 2020,7:00p,San Antonio Spurs,,Indiana Pacers,,,,,
Mon Apr 13 2020,8:00p,Orlando Magic,,Chicago Bulls,,,,,
Mon Apr 13 2020,8:00p,Phoenix Suns,,Houston Rockets,,,,,
Mon Apr 13 2020,8:00p,Philadelphia 76ers,,Memphis Grizzlies,,,,,
Mon Apr 13 2020,8:00p,Washington Wizards,,New Orleans Pelicans,,,,,
Mon Apr 13 2020,8:00p,Utah Jazz,,Oklahoma City Thunder,,,,,
Mon Apr 13 2020,9:00p,Dallas Mavericks,,Denver Nuggets,,,,,
Mon Apr 13 2020,10:30p,Portland Trail Blazers,,Golden State Warriors,,,,,
Mon Apr 13 2020,10:30p,Minnesota Timberwolves,,Los Angeles Clippers,,,,,
Tue Apr 14 2020,7:30p,Toronto Raptors,,Miami Heat,,,,,
Tue Apr 14 2020,7:30p,Detroit Pistons,,New York Knicks,,,,,
Tue Apr 14 2020,10:00p,Denver Nuggets,,Utah Jazz,,,,,
Tue Apr 14 2020,10:30p,Sacramento Kings,,Los Angeles Lakers,,,,,
Wed Apr 15 2020,7:30p,Cleveland Cavaliers,,Atlanta Hawks,,,,,
Wed Apr 15 2020,7:30p,Chicago Bulls,,Boston Celtics,,,,,
Wed Apr 15 2020,7:30p,Milwaukee Bucks,,Brooklyn Nets,,,,,
Wed Apr 15 2020,7:30p,Oklahoma City Thunder,,Dallas Mavericks,,,,,
Wed Apr 15 2020,7:30p,Memphis Grizzlies,,Houston Rockets,,,,,
Wed Apr 15 2020,7:30p,New York Knicks,,Minnesota Timberwolves,,,,,
Wed Apr 15 2020,7:30p,Toronto Raptors,,Orlando Magic,,,,,
Wed Apr 15 2020,7:30p,Charlotte Hornets,,Philadelphia 76ers,,,,,
Wed Apr 15 2020,7:30p,New Orleans Pelicans,,San Antonio Spurs,,,,,
Wed Apr 15 2020,7:30p,Indiana Pacers,,Washington Wizards,,,,,
Wed Apr 15 2020,10:00p,Los Angeles Lakers,,Phoenix Suns,,,,,
Wed Apr 15 2020,10:00p,Los Angeles Clippers,,Portland Trail Blazers,,,,,
Wed Apr 15 2020,10:00p,Golden State Warriors,,Sacramento Kings,,,,,
